candidate,tweet,date
Bill Nelson,"""The stakes could not be higher. ... What you do in Florida is going to impact the rest of the country."" - @KamalaHarris stumping for her Senate colleague Bill Nelson in Miami this morning. https://t.co/eXHZH8SMok",2018-10-28 23:56:02
Bill Nelson,@FLGovScott @USACEHQ I laugh even in an election year Bill Nelson no where to be found. He is an empty seat like the ads.,2018-10-28 23:57:05
Bill Nelson,"Governor Rick Scott has been amazing since the hurricane ... He's always down here providing support, FEMA is everywhere, Red Cross, you name it. We're being well taken care of.



Bill Nelson is absolutely nowhere to be found.  Big Surprise. He's a Democrat.",2018-10-28 23:57:22
Bill Nelson,Look out my friends in Florida   You have bill Nelson trying to take your guns away. You have a scumbag running for Governor Guilim who will turn your state into a sanctuary state. You will need your guns more then ever. This is a demon rat plot to disarm you,2018-10-28 23:58:03
Bill Nelson,@GKeile DON'T forget about Rick Scott in Florida over the *do-nothing* Bill Nelson! Vote #RickScott #VoteRedToSaveAmerica https://t.co/UmlyhxywAV,2018-10-28 23:58:15
Bill Nelson,"Rick Scott‚Äôs company ripped off Medicare. 

Rick Scott rejected Medicaid for 800,000 Floridians. 

Rick Scott will reduce your Medicare &amp; Social Security benefits to pay for tax cuts for the 1%. 

Vote fo Bill Nelson.",2018-11-04 23:59:24
Bill Nelson,"Powerful reminder why the election of @RonDeSantisFL   matters.  And let's PLEASE send Bill ""do-nothing"" Nelson home and send @FLGovScott to the Senate! https://t.co/DL7RBPF2cG",2018-11-04 23:59:25
Bill Nelson,"@realDonaldTrump @ScottforFlorida You are the con man in the world, a chronic pathological liar. There is no cure for your disease. Bill Nelson has been there for every disaster areas and events and helped with the DISASTER RELIEF. Nelson reached out for all victims. Where was/is Rick Scott and you??? https://t.co/rOVZwNWDJB",2018-11-04 23:59:38
Bill Nelson,"@realDonaldTrump You are the con man in the world, a chronic pathological liar. There is no cure for your disease. Bill Nelson has been there for every disaster areas and events and helped with the DISASTER RELIEF. Nelson reached out for all victims. Where was/is Rick Scott and you??? https://t.co/bOQLmvwd2E",2018-11-04 23:59:43
Bill Nelson,"In all the time I‚Äôve been President, almost two years, never once did Senator Bill Nelson call me to ask for help for the Great State of Florida. I never see him until election time....",2018-11-04 23:59:46
Claire McCaskill,"BOOM!! 



The Border Patrol Union that endorsed Trump in 2016, just endorsed 3 major Democrat Senate candidates who Trump has said are weak on border security:  Claire McCaskill, Jon Tester and Heidi Heitkamp!",2018-10-28 23:59:22
Claire McCaskill,"This is urgent: Poll after poll shows Claire McCaskill TIED with her extremist GOP opponent in Missouri‚Äôs toss-up Senate race. She needs funds to stand up to GOP attack ads, so I promised her that we‚Äôd come through. Control of the Senate is at stake. Give now to help Claire win!",2018-10-28 23:59:27
Claire McCaskill,"Claire McCaskill / Josh Hawley Final Debate - Sparks Fly - Don‚Äôt Get Sidetracked by False Flags



‚Äúwill you, Senator McCaskill, vote for an all-out ban like you said in last week's Project Veritas video?



#VoteRedToSaveAmerica 



https://t.co/jwnStFepRX",2018-10-28 23:59:30
Claire McCaskill,"Pres. Trump has flown to MO 4 times to campaign against my friend Claire McCaskill, and special interest groups have spent more than $20 MILLION to flip her seat. So please, give now so Claire can turn out voters to keep this seat blue and protect the future of the Supreme Court.",2018-10-28 23:59:43
Claire McCaskill,@MeetThePress @MorganRadford Republicans want to take away protections for people with pre-existing health conditions like asthma &amp; diabetes. Republicans voted to take away those protections last year and are suing to take away the pre-existing protections. Vote for Claire McCaskill,2018-11-04 23:58:35
Claire McCaskill,@MomsDemand is getting out the Vote for Claire McCaskill @McCaskill4MO &amp; Cort VanOstran @cortvo! We need to do it too! #VoteDem #WaveCast #WaveCastMO  #FlipTheHouse #FlipTheSenate üí• Vote! üí• https://t.co/eKue6XWJRA,2018-11-04 23:58:44
Claire McCaskill,Claire McCaskill Under Fire After Staffer Admits Planned Parenthood Secretly Funnels Money to Her https://t.co/13jyfaZd9O https://t.co/mIaBmujmpo,2018-11-04 23:58:55
Claire McCaskill,"üí•üí• MISSOURI ELECTION ALERT üí•üí•

If you want want Border Security, and to preserve your way of life, it‚Äôs time to say goodbye the Claire McCaskill

And vote for Josh Hawley @HawleyMO for U.S Senate.  Our President agrees that Josh Hawley is the right choice for Missouri. https://t.co/jseG3AfjFW",2018-11-04 23:58:57
Claire McCaskill,"Claire McCaskill stands with them, not Missouri. Find your polling place now and vote November 6th!",2018-11-04 23:59:05
Claire McCaskill,"#MISSOURI #CONSERVATIVES #WALKAWAY



This week Claire McCaskill tried representing herself as a Centrist &amp; distance herself from Pelosi/Schumer.



LIES!  She is the Radical Left &amp; has a worse conservative record than PELOSI!



Vote JOSH HAWLEY FOR SENATE 

#VoteRed #VoteDemsOut https://t.co/b5S7nS3abY",2018-11-04 23:59:39
Dean Heller,"Danny Tarkanian has some ~thoughts~ on Dean Heller‚Äôs conversion from Trump skeptic to loyal supporter.



https://t.co/BrezUh6bLP https://t.co/CbUb5xSLI0",2018-10-28 23:53:14
Dean Heller,"Heading to Nevada to help a man who has become a good friend, Senator Dean Heller. He is all about #MAGA and I need his Help and Talent in Washington. Also, Adam Laxalt will be a GREAT GOVERNOR, and has my complete and total Endorsement. Winners Both!",2018-10-28 23:54:28
Dean Heller,".@DeanHeller‚Äôs Senate race is probably the best test of Trump‚Äôs political power in the 2018 election: a former critic turned staunch ally whose hopes hinge on juicing pro-Trump voter turnout in Nevada.



https://t.co/BrezUh6bLP",2018-10-28 23:56:15
Dean Heller,"BREAKING: 538 said Nevada‚Äôs Senate race is the closest in the entire country. If we LOSE here to Trump-backed Dean Heller, we‚Äôll LOSE our chance to take back the Senate! We‚Äôre counting on you. Please, chip in NOW to help us win ‚Äì every dollar will be DOUBLED! Donate NOW &gt;&gt;",2018-10-28 23:56:39
Dean Heller,"John James

Kevin Cramer

Matt Rosendale

Rick Scott

Martha McSally

Marsha Blackburn

Bob Hugin

Ron DeSantis

Ted Cruz

Karin Housley

Leah Vukmir

Josh Hawley

Dean Heller

Mike Braun

Patrick Morrisey

VOTE VOTE VOTE VOTE VOTE",2018-11-04 23:59:37
Dean Heller,"Nevada Sen. Dean Heller (R) had a woman with stage-4 cancer forcibly removed from his town hall after she asked him how Trump's policies would harm the Affordable Care Act. 



https://t.co/qFH7PrP6hf",2018-11-04 23:59:52
Dean Heller,"Our new ad features a Reno family whose son, Dean, was born with a heart defect. He will have a pre-existing condition for the rest of his life.

Senator Heller still owes them an explanation for why he supported slashing pre-existing conditions protections. #NVSen https://t.co/qMFkEhas1H",2018-10-22 23:59:52
Dean Heller,"BREAKING: 538 said Nevada‚Äôs Senate race is the closest in the entire country. If we LOSE here to Trump-backed Dean Heller, we‚Äôll LOSE our chance to take back the Senate! We‚Äôre counting on you. Please, chip in NOW to help us win ‚Äì every dollar will be DOUBLED! Donate NOW &gt;&gt;",2018-10-22 23:59:50
Dean Heller,"Go #BlueWave!! Jacky Rosen @RosenforNevada #FlipTheSenate

""Control of Congress pits a relatively unknown Southern #Nevada Dem against incumbent Nevada Republican (Dean Heller) who, critics contend, is too well known to be trusted.""  --Reno Gazette Journal

#BeAVoter #VoteBlue https://t.co/u0LBh4sDA0",2018-10-22 23:59:18
Dean Heller,"@DeanHeller just said ""I'm the 5th most bipartisan Senator in Washington."" 538 score doesn't reflect that:  https://t.co/cJmW2B882Y",2018-10-22 23:58:34
Jacky Rosen,@RosenforNevada Vote for Jacky Rosen!!,2018-10-28 23:35:35
Jacky Rosen,"@ZConine @CByrne4NV @SheaBackusEsq @TheDA_Wolfson 

~IN JUST 9 DAYS NEVADA GOES BLUE~

üíôVote earlyüíôGo with a friendüíôTake every voter in your householdüíôCall a local candidate and ask what you can doüíôphone banküíôtext votersüíô

Go here to learn:

https://t.co/aRAbNkFR80 https://t.co/HPriBub5ws",2018-10-28 23:36:22
Jacky Rosen,"Nevada: I believe here are my votes that I shall make on election day.

Governor: Donald B. Mckiegan the only real choice.

Senator: jacky Rosen, cant tell you why.

Lieutenant Governor: Republican

Attorney General: Republican

Against Danny tarkanian, Ozzy Fumo, and steven horseford",2018-10-28 23:40:19
Jacky Rosen,"@RosenforNevada @joe_kidder2 Donating time and money, and I don‚Äôt even live in NV. That‚Äôs how much I believe in Jacky Rosen.",2018-10-28 23:47:09
Jacky Rosen,"@RosenforNevada VOTE BLUE

Jacky Rosen

üåäüåäüåäüåäüåä

üåäüåäüåäüåäüåä https://t.co/0RqVK4Hy5h",2018-10-28 23:57:55
Jacky Rosen,"President Obama is ALL-IN to elect Jacky Rosen in NV because he knows that THIS race will decide Senate control. But McConnell is dumping millions in to stop us, and our fundraising is falling short. Give now and have it MATCHED to win in NV and take back the Senate for Dems!",2018-11-04 23:56:16
Jacky Rosen,"NEVADA :



JACKY ROSEN will NOT VOTE to Kill your Pre -Existing Con benefits

Or these benefits üëá



*Soc. Security

*Medicare

*Medicaid



HELLER- ALREADY VOTED 70 TIMES TO KILL ACA.



Can U AFFORD TO LOSE THESE 

BENEFITS?



SAVE YOUR ACA + PRE- EXIST CON



VOTE J ROSEN 

RT",2018-11-04 23:56:46
Jacky Rosen,"Two days left. Vote Jacky Rosen, @RosenforNevada, to help keep this the land of the free. She‚Äôs the best of the brave. #WaveCast #WaveCastNV #FlipTheSenate #VoteDem üí• https://t.co/jQT8oqWIyg",2018-11-04 23:58:21
Jacky Rosen,"Jacky Rosen, Democrats Do not know what party lines are, &amp; I don‚Äôt think you do. President has tried to work with Dem‚Äôs many times. We all know how that went. It‚Äôs 100% Dems way or no way.",2018-11-04 23:58:43
Jacky Rosen,"""They don't care about your health conditions. They don't care about lifetime caps. Jacky Rosen does, and that's why I'm here to support Jacky."" - @JimmyKimmel



Help us get across the finish line &gt;&gt; https://t.co/XU1IJEjTfC https://t.co/pcZvFCObd0",2018-11-04 23:59:59
Joe Donnelly,"In Joe Donnelly's America, our enemies are appeased, good people are smeared, and Hollywood values are celebrated. That's not the America we see. Vote Mike Braun on November 6th! #INSen #INPol #DitchDonnelly",2018-10-28 23:43:57
Joe Donnelly,"""America needs more senators like Joe Donnelly. Indiana needs to re-elect him.""



Thank you, @JGfortwayne! Please, make your plan to vote early this week at https://t.co/gSIBXN80oO and let's win this. https://t.co/hSMIkdhnR3",2018-10-28 23:45:38
Joe Donnelly,"#ICYMI: President Trump signed the bipartisan America‚Äôs Water Infrastructure Act into law this week, which contained several of Joe‚Äôs provisions focused on Hoosier priorities. https://t.co/p8H1BKRMlW https://t.co/aLzO30SqW5",2018-10-28 23:49:34
Joe Donnelly,"@JaySekulow In CASE YOU MISSED IT

An amendment that could have de-funded Planned Parenthood

However

These Senators voted against the amendment 

Senator Donnelly (D-IND)

Sen. Joe Manchin (D-WV)

Sen. Bob Casey (D-PA)

Sen‚Äôs Collins (R-ME)

Murkowski (R-AK).",2018-10-28 23:52:24
Joe Donnelly,"CBS/YouGov Senate polls



FLORIDA

Bill Nelson (D) 46%

Rick Scott (R) 46%



INDIANA

Mike Braun (R) 46%

Joe Donnelly (D) 43%



ARIZONA

Kyrsten Sinema (D) 47%

Martha McSally (R) 44%



https://t.co/PJl6sJEiF0",2018-10-28 23:52:31
Joe Donnelly,"By campaigning with Obama, Mexico Joe Donnelly is proving his allegiance to the angry liberal mob.



Donnelly voted no on Kavanaugh, yes on the Iran deal, &amp; was even a superdelegate for Hillary Clinton.



He sent Hoosier jobs to Mexico. Now it‚Äôs time to send him packing! #INSen",2018-11-04 23:58:51
Joe Donnelly,"@BarackObama is a Joe fan. @JoeBiden, and Joe Donnelly @JoeforIndiana. #VoteJoe, he‚Äôs what #Hoosiers need. #WaveCast #WaveCastIN #FlipTheSenate üí• #Indiana https://t.co/7KZSNHGPKh",2018-11-04 23:59:14
Joe Donnelly,"Joe Donnelly, D-candidate for Senate in Indiana said today he helped cast the vote to ""Save Healthcare.""



""And Mitch McConnell has told us he's going after Social Security and Medicare.""



And he even did it with a Straight Face.



Get rid of this LIAR Indiana. 

Vote Red Nov 6th.",2018-11-04 23:59:37
Joe Donnelly,Joe Donnelly Running Stealth Facebook Ads Boosting Libertarian In Senate Race https://t.co/k1ft69KS1i via @weaselzippers,2018-11-04 23:59:40
Joe Donnelly,Rumor has it that Senator Joe Donnelly of Indiana is paying for Facebook ads for his so-called opponent on the libertarian ticket. Donnelly is trying to steal the election? Isn‚Äôt that what Russia did!?,2018-11-04 23:59:47
Joe Manchin,Delivered an important message today while campaigning for @MorriseyWV. Joe Manchin voted for Justice Kavanaugh after we had the votes. West Virginia can always count on Joe to be there when you don‚Äôt need him. https://t.co/dgqaL8Es7V,2018-10-22 23:59:49
Joe Manchin,"You can‚Äôt just pretend to be #maga when you‚Äôre up for re-election like Liberal Joe Manchin has done. Just look at his voting record... he‚Äôs always with Schumer when it actually matters like being against (tax cuts, Gorsuch etc). #WV needs a change. Elect @MorriseyWV https://t.co/TMq0v6u5P7",2018-10-22 23:58:47
Joe Manchin,@Sen_JoeManchin https://t.co/PioVLfTBBS,2018-10-22 23:55:50
Joe Manchin,@WVGirlOnFire @Sen_JoeManchin https://t.co/PioVLfTBBS,2018-10-22 23:54:46
Joe Manchin,"What did Joe Manchin do when Obama &amp; Hillary were killing the coal industry in WV? 2 say he did nothing would be kind. Not only did he stand by &amp; do nothing, he stood with &amp; supported Obama &amp; Hillary while they tried their damndest 2 kill the coal industry.



#MorriseyForSenate https://t.co/PLAU4AkodG",2018-10-28 23:54:31
Joe Manchin,"FACT: Joe Manchin stood with Hillary Clinton even after she pledged to ""put a lot of coal miners &amp; coal companies out of business"" #WVsen https://t.co/F7lsWfUvjA",2018-10-28 23:56:17
Joe Manchin,"West Virginia, this is Joe Manchin at the State of the Union. He tried to stand right after @realDonaldTrump talked about all time low unemployment numbers, but got a look from Chuck Schumer &amp; he sat down like a well trained dog!

You can do much better vote @MorriseyWV #wv #wvpol https://t.co/5fFbSWmFdL",2018-10-28 23:59:58
Joe Manchin,"millennials are all out here selling our ass on patreon for rent money because you old mofuckers destroyed the economy and then killed our one shot at escaping 19 times as much college debt as you ever had and everyone  is like ""why aren't they voting for Joe Manchin?""",2018-11-04 23:55:43
Joe Manchin,"Manchin: ‚ÄòAnybody‚Äô Could Have Requested a ‚ÄòGovernor‚Äôs Helicopter‚Äô With Opioid Settlement Money. 



But it wasn‚Äôt anyone was it Joe? 



West Virginia you can do better. Vote ‚Å¶@MorriseyWV‚Å© #WVsen #wv #WestVirgina   https://t.co/7DQS6fIi5F",2018-11-04 23:56:15
Joe Manchin,"Mildly interesting red-state trend: Heidi Heitkamp and Claire McCaskill are losing steam down the stretch while Joe Manchin, Joe Donnelly, Phil Bredesen and Beto O‚ÄôRourke are either ahead or closing in. ü§î",2018-11-04 23:57:46
Jon Tester,"BOOM!! 



The Border Patrol Union that endorsed Trump in 2016, just endorsed 3 major Democrat Senate candidates who Trump has said are weak on border security:  Claire McCaskill, Jon Tester and Heidi Heitkamp!",2018-10-28 23:59:14
Jon Tester,"Jon Tester says one thing to voters and does the EXACT OPPOSITE in Washington. Tester takes his orders form Pelosi &amp; Schumer. Tester wants to raise your taxes, take away your 2A, open your borders, and deliver MOB RULE. Retire Tester &amp; Elect America-First Patriot Matt Rosendale!",2018-10-28 23:59:19
Jon Tester,"BREAKING: WOW The Border Patrol union That endorsed Trump in 2016 The National Border Patrol Council, Just endorsed 3 Senate Democrats Who Trump said Were weak on border security



 Claire McCaskill (D-Mo.), Jon Tester (D-Mont.) and Heidi Heitkamp (D-N.D.), 



THIS IS JUST AWESOME",2018-10-28 23:59:20
Jon Tester,"MONTANA

U.S. Senate:

Jon Tester (D) 49%

Matt Rosendale (R) 39%

Rick Breckenridge (L) 2%

(U. of Montana Big Sky Poll, LV, 10/10-18/18)",2018-10-28 23:59:27
Jon Tester,"""@realDonaldTrump ‚Ä¶. bashed incumbent Democratic @jontester as someone who ‚Äòwill listen to whatever Cryin' Chuck tells him to do.‚Äô"" #mtpol #mtsen #DefeatTester https://t.co/XS4cbkEAVR",2018-11-04 23:57:14
Jon Tester,"""‚ÄòI‚Äôve never forgotten it,‚Äô the president of @jontester blocking the nomination of former White House doctor Adm. Ronny Jackson to lead the Department of Veterans Affairs."" #mtpol #mtsen #DefeatTester https://t.co/8EvFdZ5ZL2",2018-11-04 23:57:59
Jon Tester,"Democrat Jon Tester isn‚Äôt a Trump ally. Just look at his votes on @realDonaldTrump‚Äôs nominees:

‚ùåGorsuch

‚ùåSec of State ‚Äì twice

‚ùåCIA Director ‚Äì twice

‚ùåSec of Defense (waiver)

‚ùåTreasury Sec

‚ùåKavanaugh

 

Tester has to go. Vote @MattForMontana! #MTSen

https://t.co/uzWsuLg5I8",2018-11-04 23:58:22
Jon Tester,"They may not be able to vote, but #TotsforTester are getting the word out about Jon Tester. After all, this election will affect their generation. #mtpol #mtsen #letsvoteMT https://t.co/1PyOd6baKC",2018-11-04 23:58:23
Jon Tester,"Protect SS, Medicare and Medicaid get out and vote BLUE! 

Re-elect Blue Senators: Heide Heitkamp for North Dakota, 

Claire McCaskill for Missouri, Joe Donnelly for Indiana, Jon Tester for Montana,

Bob Menendez for New Jersey, Tammy Baldwin for Wisconsin,

Sherrod Brown of Ohio! https://t.co/2TQotnHnWx",2018-11-04 23:58:24
Jon Tester,"@frankthorp Trump is in Bozeman, because senator Jon Tester pissed him off. Bozeman is a liberal city, in a red state, highly educated, we care about people of all color, religious background and see a trend in our state turning blue.  Don't write us off, we need more progressive visitors!",2018-11-04 23:59:18
Josh Hawley,"Josh Hawley supports right-to-work(-for-less) in MO, opposes raising the minimum wage, and is currently suing to gut healthcare coverage for nearly 2.5 million Missourians with pre-existing conditions. He's wrong for MO. #MOSen",2018-10-28 23:50:07
Josh Hawley,"Josh Hawley says only Democrats are fomenting violence, singling Hillary Clinton and Eric Holder out for blame while making no mention of the fact that they both had bombs sent to them, @MelindaKCMO writes. https://t.co/PZ2Q13tFBF",2018-10-28 23:50:42
Josh Hawley,"Claire McCaskill / Josh Hawley Final Debate - Sparks Fly - Don‚Äôt Get Sidetracked by False Flags



‚Äúwill you, Senator McCaskill, vote for an all-out ban like you said in last week's Project Veritas video?



#VoteRedToSaveAmerica 



https://t.co/jwnStFepRX",2018-10-28 23:50:53
Josh Hawley,"In Claire McCaskill's America, our enemies are appeased, good people are smeared, and Hollywood values are celebrated. That's not the America we see. Vote Josh Hawley on November 6th! #MOSen #MOPol #ByeByeClaire",2018-10-28 23:54:46
Josh Hawley,Josh Hawley thinks he can send us back to the bad old days with his lawsuit. @ClaireCMC knows better. #MOSen https://t.co/VaXBd6jozx,2018-10-28 23:57:04
Josh Hawley,Josh Hawley is doing everything in his power to eliminate healthcare protections for people with pre-existing conditions. @ClaireCMC is doing everything in her power to stop him. #MOSen https://t.co/wkbFDE7BaR,2018-10-28 23:57:34
Josh Hawley,"In the MO Senate debate, Josh Hawley bemoaned the closing of a small manufacturer in our hometown. The plant has not closed or laid off workers &amp; received a $1.6MM grant from MO EDC for improvements in July of2017. But please know, his small rural home is very important to him.",2018-10-28 23:58:05
Josh Hawley,"#MISSOURI #CONSERVATIVES #WALKAWAY



This week Claire McCaskill tried representing herself as a Centrist &amp; distance herself from Pelosi/Schumer.



LIES!  She is the Radical Left &amp; has a worse conservative record than PELOSI!



Vote JOSH HAWLEY FOR SENATE 

#VoteRed #VoteDemsOut https://t.co/b5S7nS3abY",2018-11-04 23:59:39
Josh Hawley,"John James

Kevin Cramer

Matt Rosendale

Rick Scott

Martha McSally

Marsha Blackburn

Bob Hugin

Ron DeSantis

Ted Cruz

Karin Housley

Leah Vukmir

Josh Hawley

Dean Heller

Mike Braun

Patrick Morrisey

VOTE VOTE VOTE VOTE VOTE",2018-11-04 23:59:39
Josh Hawley,"Missouri, vote for Josh Hawley!

Indiana, vote for Mike Braun!

New Jersey, vote for Bob Hugin!

Georgia, vote for Brian Kemp!

Florida, vote for Rick Scott and Ron DeSantis! 

New Hampshire, vote with Eddie Edwards! 

Michigan ,vote for John James! 

Arizona, vote for Martha McSally! https://t.co/XAjXtSySWX",2018-11-04 23:59:40
Kyrsten Sinema,"Para crear empleos que proporcionen un salario digno para los habitantes de AZ, #KrystenSinema trabajar√° para aprobar legislaci√≥n para construir nueva infraestructura y ayudar negocios a contratar m√°s trabajadores. 



#AZSen #TeamSinema 

#FlipTheSenate 

 https://t.co/yzhRIvn8BD",2018-10-28 23:58:19
Kyrsten Sinema,"""People want elected officials who are willing to work together to solve problems, not politicians who play partisan games [...] The good news is that all across the country women are stepping up, running for office, and getting involved."" ‚Äî¬†@kyrstensinema https://t.co/rWsARvhBac",2018-10-28 23:58:35
Kyrsten Sinema,"In Feb 2017, more than 150 members of Congress signed a bipartisan letter demanding a federal response to bomb threats against Jewish Community Centers. 



Kyrsten Sinema signed.



Martha McSally did not.



https://t.co/SO8ssqZgs9",2018-10-28 23:58:48
Kyrsten Sinema,"Democrats who will move this country forward:



Stacey Abrams - GA

Andrew Gillum - FL

Kyrsten Sinema -AZ

Beto O‚ÄôRourke -TX

Sharice Davids - KS

Randy Bryce - WI

Mike Levin - CA

Deb Haaland - NM



What other Dems are YOU voting for?



#VoteBlueToSaveAmerica #GOTV",2018-11-04 23:54:43
Kyrsten Sinema,Here ya go: Kyrsten Sinema just wrapped up running a half marathon in Phoenix. She beat her personal half marathon record by 12 minutes ‚Äî with a time of 1:43. #AZSEN,2018-11-04 23:56:33
Kyrsten Sinema,"THE DEFLECTION: Some made-up rumor about Joe Donnelly &amp; Facebook ads.



THE ACTUAL NEWS: Arizona GOP was caught paying for promotional third party mailers that falsely tied the Green Party candidate to Bernie Sanders in an attempt to siphon votes away from Democrat Kyrsten Sinema. https://t.co/t9vbL3j1gH",2018-11-04 23:56:51
Kyrsten Sinema,@joncoopertweets @Nevada_Dem @kyrstensinema I Voted ALL Blue!I know all of this and I Voted for Kyrsten Sinema and ALL BLUE in Early Voting!üëçüåäüíôüòÉ https://t.co/d2spmmZnih,2018-11-04 23:57:42
Kyrsten Sinema,The Arizona GOP is sending mailers to Democratic voters tying the Green Party nominee in the state‚Äôs crucial Senate race to Sen. Bernie Sanders in what appears to be an attempt to persuade liberals to support her over Democratic Rep. Kyrsten Sinema. https://t.co/ra0Usrf0bO,2018-11-04 23:58:22
Kyrsten Sinema,"#ARIZONA #CONSERVATIVES



You can put lipstick on a pig,  but it‚Äôs still a pig. Don‚Äôt be fooled by a pretty face. Kyrsten Sinema is anything but pretty inside.  She is a leftwing Radical Communist that will destroy #AZ



VOTE MARTHA MCSALLY FOR SENATE...a proven leader  w/integrity https://t.co/Kk503w914U",2018-11-04 23:59:12
Kyrsten Sinema,"@danpfeiffer @leahmcelrath Yes she did. If you live in Arizona and want preexisting conditions saved in the ACA, vote for Kyrsten Sinema.

#VoteBlueToSaveAmerica  #VoteBlue",2018-11-04 23:59:23
Marsha Blackburn,UN-FREAKING-BELIEVABLE: Protesters heckle Marsha Blackburn during moment of silence for Tree of Life victims -- Corrected https://t.co/bEqoPR4UdS,2018-10-28 23:58:19
Marsha Blackburn,"This is BEYOND disgusting, radical leftist heckles Marsha Blackburn DURING a moment of silence for victims of #PittsburghSynagogue shooting...

#WalkAway https://t.co/w90AU91M02",2018-10-28 23:58:41
Marsha Blackburn,@elynnhardi1 @BearmanShannon @LauraGreenImp @Sedibus_MCML Phil bredesen was a great mayor and an excellent governor for the state of Tennessee. He has ethics and integrity which is hard to find these days in any politician. You won't find these qualities in Marsha Blackburn. She's definitely got Trump in her,2018-10-28 23:58:45
Marsha Blackburn,@VoteMarsha Marsha Blackburn voted to kill Social Security and Medicare as we know it. She could care less about her constituents. Blackburn is a hard core liar. https://t.co/lezNmT5nqj,2018-10-28 23:59:13
Marsha Blackburn,Protesters dragged from Marsha Blackburn election rally in Nashville https://t.co/13gIX8otK6 via @thinkprogress,2018-10-28 23:59:19
Marsha Blackburn,"Democrat trash....



UN-FREAKING-BELIEVABLE: Protesters heckle Marsha Blackburn during moment of silence for Tree of Life victims https://t.co/68bI1H8d4x via @twitchyteam",2018-10-28 23:59:57
Marsha Blackburn,"John James

Kevin Cramer

Matt Rosendale

Rick Scott

Martha McSally

Marsha Blackburn

Bob Hugin

Ron DeSantis

Ted Cruz

Karin Housley

Leah Vukmir

Josh Hawley

Dean Heller

Mike Braun

Patrick Morrisey

VOTE VOTE VOTE VOTE VOTE",2018-11-04 23:59:44
Marsha Blackburn,.@realDonaldTrump Vice President Pence and Marsha Blackburn are en route to McKenzie Arena for President Trump's rally. https://t.co/dx725ZH9Ub,2018-11-04 23:59:53
Marsha Blackburn,Marsha Blackburn tells voters she's fighting opioids. Her track record doesn't agree. https://t.co/vE5ID1NQYm https://t.co/gqWKwLefFh,2018-11-04 23:59:58
Marsha Blackburn,"Good thing there's no need for Corker to grow a set since he declined to say whether or not he voted for Marsha Blackburn



Are you packing up your office yet, Bob? I suggest using the cardboard boxes from your Sam's Club soy milk supply



Pack it up, Bob!  https://t.co/grJ1qaLhAn",2018-11-04 23:59:59
Martha McSally,"üî∫üî∫üî∫ARIZONA üî∫üî∫üî∫



Martha McSally for US Senate



#Endorsed by President Trump!



Vote November 6th, Avoid Long lines vote Now! 



#VoteMcSally

#Arizona

#ROHLL5‚ôõ https://t.co/2hMBDvoOuA",2018-10-28 23:58:06
Martha McSally,"If you live in Arizona please vote for true American hero Martha McSally.



The feminist snowflake running against her is a zero. 



‚ô¶Ô∏èVote Straight Republican

#AZSen #VoteRED #KAG https://t.co/x59weiFd8F",2018-10-28 23:58:08
Martha McSally,"Martha McSally is a great warrior, her opponent a Nancy Pelosi Wacko! https://t.co/QEUdPWDDud",2018-10-28 23:58:10
Martha McSally,"Today, you can make a huge difference with just 2 clicks of a button!



1) Follow @kyrstensinema 

2) RT to get the word out



#TeamSinema needs our help to #FlipTheSenate‚ÄºÔ∏è



Wondering about Kyrsten‚Äôs opponent?

Check out this by my friend @CaptainsLogAz üëÄ‚§µÔ∏è



https://t.co/YfLsIa5Yve",2018-10-28 23:58:41
Martha McSally,"In Feb 2017, more than 150 members of Congress signed a bipartisan letter demanding a federal response to bomb threats against Jewish Community Centers. 



Kyrsten Sinema signed.



Martha McSally did not.



https://t.co/SO8ssqZgs9",2018-10-28 23:58:48
Martha McSally,"‚òÄÔ∏èüåµ#Arizona #AZüåµ‚òÄÔ∏è



.. that time  #Trump #Republican @MarthaMcSally  snubbed #JohnMcCain for her own gain? 

On his OWN BILL??



#RememberinNovember 



@kyrstensinema will work for YOU, not party politics 



Elect #Democrats &amp; #FlipTheSenate



#BlueGov



https://t.co/kh3HGECDb2",2018-10-28 23:59:03
Martha McSally,"Arizonans: When you vote on Tuesday, please remember that Martha ‚ÄúLet‚Äôs Fucking Do This‚Äù McSally voted to repeal the ACA and tried to eliminate #PreExistingConditions protections. 



Vote for @kyrstensinema ‚Äî she‚Äôll protect your health care!



#MarthaLetsFuckingDoThisMcSally",2018-11-04 23:59:45
Martha McSally,"Martha McSally: ""We cannot go back to where we were before Obamacare.""



also Martha McSally: ""Let's get this F***ing thing done!"" (the f***ing thing being Obamacare repeal) https://t.co/E6NA3xklDy",2018-11-04 23:59:45
Martha McSally,Martha McSally yelled ‚ÄúLet‚Äôs Fucking Do This‚Äù on her way to enthusiastically vote to repeal the ACA https://t.co/Ucf7iujsZO,2018-11-04 23:59:46
Martha McSally,@MaddowBlog Martha McSally: ‚ÄúWho are you gonna believe? Me or your own eyes?‚Äù,2018-11-04 23:59:52
Matt Rosendale,"@MattForMontana @DonaldJTrumpJr @jontester Matt Rosendale refuses to tell the people of Montana how dedicated he is to repeal the ACA and the protection against preexisting conditions. Matt Rosendale will also help üá∑üá∫üêò@senatemajldr to cut Social Security &amp; Medicare. Matt, you will vote to put Mitch as leader right?üëáü§î https://t.co/bspMPG2BW2",2018-10-22 23:46:47
Matt Rosendale,"With Montana‚Äôs 2018 campaign season into its final month, Sen. Jon Tester and Rep. Greg Gianforte, have charted clear fundraising advantages over their respective challengers, Matt Rosendale and  Kathleen Williams. https://t.co/vH7gtrSJkh #mtnews #mtpol https://t.co/BxZR4d5LgB",2018-10-22 23:13:30
Matt Rosendale,"Jon Tester says one thing to voters and does the EXACT OPPOSITE in Washington. Tester takes his orders form Pelosi &amp; Schumer. Tester wants to raise your taxes, take away your 2A, open your borders, and deliver MOB RULE. Retire Tester &amp; Elect America-First Patriot Matt Rosendale!",2018-10-22 23:05:58
Matt Rosendale,"I'd like to thank #MTSen GOPer Matt Rosendale for saying that he doesn't support protections for pre-existing conditions.

I applaud both his honesty for saying what he believes and his stupidity for saying it out loud.

Re-elect @jontester.
#FlipTheSenate
https://t.co/LIgzBbQKIp",2018-10-22 22:56:41
Matt Rosendale,"It‚Äôs simple: @MattRosendale has made it clear he won‚Äôt protect the 152,000 Montanans who have pre-existing conditions. #mtpol #mtsen

https://t.co/56Q4iwCaqY",2018-10-28 23:52:35
Matt Rosendale,"‚ÄúIt‚Äôs big, I mean, it‚Äôs really big‚Äù Rosendale said of the impact the Kavanaugh confirmation had on his race. Rep. Matt Rosendale is running against Dem. Sen. Jon Tester in #Montana. Both camps expect a photo finish. #VoteRedToSaveAmerica #MidtermElections

https://t.co/Ahppifn7na",2018-10-28 23:52:51
Matt Rosendale,"Awesome time in Montana with @drrandpaul stumping for Matt Rosendale @MattForMontana! It‚Äôs time to shrink government, put America first and stop the endless spending! Montana needs to send Rosendale to the US Senate and put Tester into retirement! #mt #montana #mtsen https://t.co/FXnpxBsQnA",2018-10-28 23:54:40
Matt Rosendale,"Jon Tester says one thing to voters and does the EXACT OPPOSITE in Washington. Tester takes his orders form Pelosi &amp; Schumer. Tester wants to raise your taxes, take away your 2A, open your borders, and deliver MOB RULE. Retire Tester &amp; Elect America-First Patriot Matt Rosendale!",2018-10-28 23:59:19
Matt Rosendale,"MONTANA

U.S. Senate:

Jon Tester (D) 49%

Matt Rosendale (R) 39%

Rick Breckenridge (L) 2%

(U. of Montana Big Sky Poll, LV, 10/10-18/18)",2018-10-28 23:59:27
Matt Rosendale,"John James

Kevin Cramer

Matt Rosendale

Rick Scott

Martha McSally

Marsha Blackburn

Bob Hugin

Ron DeSantis

Ted Cruz

Karin Housley

Leah Vukmir

Josh Hawley

Dean Heller

Mike Braun

Patrick Morrisey

VOTE VOTE VOTE VOTE VOTE",2018-11-04 23:59:29
Mike Braun,"@BigLiciousT I usually take a knee during each political commercial. Luckily my Toughskins jeans have knee patches or they'd be worn thin.  If I see one more Mike Braun commercial, I swear I'm going to punch the next horse I see in town.",2018-10-28 23:40:34
Mike Braun,"Vote for the following candidates in November:

Missouri: Josh Hawley (R)

Montana: Matt Rosendale (R)

Tennessee: Marsha Blackburn (R)

Indiana: Mike Braun (R)

North Dakota: Kevin Cramer (R)

We need to turn these seats RED!

@GOP will #MAGA",2018-10-28 23:41:35
Mike Braun,"Mike #MakeMeYawnBraun is incapable of reaching across the aisle because Trump won‚Äôt allow it.  Braun clearly takes his marching orders from Trump - not Hoosiers. Thanks Joe for having the backs of your constituents. https://t.co/ndgGeqW4cl

@JoeforIndiana @braun4indiana Braun has the most sickening campaign and it is all about party and Trump. Not a single mention of ‚Äúbipartisan‚Äù.  Am with you Joe.  Am a donor and a volunteer.   Proud to have you as our Senator",2018-10-28 23:43:40
Mike Braun,I am one more Joe Donnelly vs Mike Braun commercial away from throwing my tv out the window,2018-10-28 23:50:58
Mike Braun,"CBS/YouGov Senate polls



FLORIDA

Bill Nelson (D) 46%

Rick Scott (R) 46%



INDIANA

Mike Braun (R) 46%

Joe Donnelly (D) 43%



ARIZONA

Kyrsten Sinema (D) 47%

Martha McSally (R) 44%



https://t.co/PJl6sJEiF0",2018-10-28 23:52:31
Mike Braun,"mike braun our man indiana,",2018-10-28 23:55:56
Mike Braun,"Missouri, vote for Josh Hawley!

Indiana, vote for Mike Braun!

New Jersey, vote for Bob Hugin!

Georgia, vote for Brian Kemp!

Florida, vote for Rick Scott and Ron DeSantis! 

New Hampshire, vote with Eddie Edwards! 

Michigan ,vote for John James! 

Arizona, vote for Martha McSally! https://t.co/XAjXtSySWX",2018-11-04 23:59:40
Mike Braun,"John James

Kevin Cramer

Matt Rosendale

Rick Scott

Martha McSally

Marsha Blackburn

Bob Hugin

Ron DeSantis

Ted Cruz

Karin Housley

Leah Vukmir

Josh Hawley

Dean Heller

Mike Braun

Patrick Morrisey

VOTE VOTE VOTE VOTE VOTE",2018-11-04 23:59:41
Mike Braun,"IndyStar Editorial Board: ‚ÄúFor Hoosiers who are generally happy with Trump's performance and who want a senator who will help drive the administration's agenda on Capitol Hill, Mike Braun is the ideal choice in this year's Senate race.‚Äù #INSen https://t.co/FQcaW4ilSb",2018-11-04 23:59:48
Mike Braun,IndyStar Editorial Board: Why Mike Braun is right choice for U.S. Senate https://t.co/5RLkaOUUIp via @indystar @braun4indiana is without a doubt the best choice! @realDonaldTrump @MikePenceVP @Jim_Banks,2018-11-04 23:59:59
Patrick Morrisey,Donald Trump Jr. spoke at a campaign rally in West Virginia for U.S. Senate candidate Patrick Morrisey. https://t.co/A4iU91mdU1,2018-10-22 23:47:29
Patrick Morrisey,"Hmm, Patrick Morrisey running for office in WV? Born in NYC, raised in Jersey. I guess Country Roads to him means the Jersey Turnpike. Lol
@EPWVLaw @cspanwj  https://t.co/Ggwkx0hgBp",2018-10-22 23:42:55
Patrick Morrisey,"Patrick Morrisey got caught meeting with executives from the pain pill companies his office was taking to court. Why should West Virginians believe that Pat is looking out for them, and not his friends in the pharmaceutical industry? #wvsen #wvpol https://t.co/8kNt3xSYc2",2018-10-22 23:33:25
Patrick Morrisey,"Please vote for Patrick Morrisey to WIN West Virginia U.S. Senate. @POTUS #MAGA #FinishTheWall #DeportAllIllegals #MakingAmericaSafeAgain #VoteRepublican2018 for House, Senate &amp; Governor on Nov. 6, 2018 #RedWaveComing2018 #JobsNotMobs #10%TaxCuts https://t.co/CfBzMAliLb",2018-10-22 23:28:26
Patrick Morrisey,West Virginia: Republicans Try To Get Ahead of Patrick Morrisey‚Äôs Baggage In Bid To Beat Manchin https://t.co/G2e57eIqsB,2018-10-22 23:25:15
Patrick Morrisey,"West Virginia senate election voting intention

Joe Manchin (D): 52% (+6)
Patrick Morrisey (R): 36% (-2)

10/17 - (Strategic Research)
Changes with 9/27",2018-10-22 23:14:16
Patrick Morrisey,Knowing this why would the UMWA support or any member vote for Manchin? Vote Patrick Morrisey.üá∫üá∏üá∫üá∏ https://t.co/Wx856sO9x8,2018-10-28 22:39:15
Patrick Morrisey,"Saturday, 29 September 2018

20:47:51 #POTUS #Motorcade Departure - WesBanco Arena en route Wheeling Ohio County Airport

21:05:08 Arrival

21:15:14 #AirForceOne #AF1 Departure - en route JBA (KADW)



WEST VIRGINIA --&gt; VOTE REPUBLICAN --&gt; VOTE PATRICK MORRISEY https://t.co/ZlPYgFRnvN",2018-10-28 23:04:49
Patrick Morrisey,WV MetroNews ‚Äì Patrick Morrisey wants all the facts before taking stance on Rockwool issue: https://t.co/9V9oymW2PA,2018-10-28 23:58:03
Patrick Morrisey,"John James

Kevin Cramer

Matt Rosendale

Rick Scott

Martha McSally

Marsha Blackburn

Bob Hugin

Ron DeSantis

Ted Cruz

Karin Housley

Leah Vukmir

Josh Hawley

Dean Heller

Mike Braun

Patrick Morrisey

VOTE VOTE VOTE VOTE VOTE",2018-11-04 23:59:29
Phil Bredesen,‚ÄúHe [Phil Bredesen] was for Kavanaugh after the votes were in. Marsha was for Kavanaugh the day he was nominated.‚Äù - @LindseyGrahamSC https://t.co/xB0JipWBsz,2018-10-28 23:53:48
Phil Bredesen,My opponent laughs at clear threats to our border security. A vote for Phil Bredesen is a vote for open borders. https://t.co/NfPVp5iUPO,2018-10-28 23:55:13
Phil Bredesen,"SPREAD THE WORD.



Tennessee:  Vote for Phil Bredesen! 



Tennessee:  Vote for Phil Bredesen! 



Tennessee:  Vote for Phil Bredesen! 



Tennessee:  Vote for Phil Bredesen! 



Tennessee:  Vote for Phil Bredesen! 



@PhilBredesen 



#BlueWave #VoteBlue üåä https://t.co/q6qyQbcjGO",2018-10-28 23:56:43
Phil Bredesen,"Four Questions for America‚Äôs Ugliest Campaign https://t.co/fVEe4S4dIu. MARSHA BLACKBURN BOUGHT BY DRUG COMPANIES, WHO PAYS FOR HER VOTES! VOTE BREDESEN!!!",2018-11-04 23:53:28
Phil Bredesen,"This election cycle, the NRA has spent $1.1 million attacking Joe Donnelly.



Just last week, it spent $195,248 attacking Phil Bredesen and $170,951 attacking Claire McCaskill.



Democrats want to do something about the gun violence epidemic so the NRA is spending big to stop them.",2018-11-04 23:55:57
Phil Bredesen,"Taylor Swift announces on Instagram that she cast an early vote for Democratic Senate candidate Phil Bredesen in Tennessee, and urged others in the state to do the same. 



https://t.co/CNIYs0nCMd",2018-11-04 23:56:01
Phil Bredesen,"Mildly interesting red-state trend: Heidi Heitkamp and Claire McCaskill are losing steam down the stretch while Joe Manchin, Joe Donnelly, Phil Bredesen and Beto O‚ÄôRourke are either ahead or closing in. ü§î",2018-11-04 23:57:46
Phil Bredesen,@realDonaldTrump We don't want you here. You must be desperate to hold onto the Senate.  We don't want Blackburn going to the Senate. We will vote for Phil Bredesen. #VoteBlue #BlueWave #VoteDem #VoteDemocrat #GOPVotingBlue,2018-11-04 23:58:22
Phil Bredesen,"Let‚Äôs do our part to end hyper-partisan gridlock in Washington and send Phil Bredesen! #GoVoteTN https://t.co/1OVMph7Kkl

Our national politics have lost touch. The grudges &amp; disagreements have become too great. My mission today is to ask you to join me in fixing it. I want to go to work to restore the idea that America is something new, something exceptional.

https://t.co/JdEcRaCnES",2018-11-04 23:59:25
Phil Bredesen,"@VoteMarsha @realDonaldTrump Neither you or Trump have a thimble full of accomplishments combined!  We NEED leadership....we NEED progress....

PHIL BREDESEN can deliver both.",2018-11-04 23:59:58
Rick Scott,@GKeile DON'T forget about Rick Scott in Florida over the *do-nothing* Bill Nelson! Vote #RickScott #VoteRedToSaveAmerica https://t.co/UmlyhxywAV,2018-10-28 23:58:15
Rick Scott,This pretty much sums it up - Scott's done a poor job as governor and enriched himself in office: https://t.co/M9cBVMIFzJ,2018-10-28 23:58:20
Rick Scott,"Governor Rick Scott has been amazing since the hurricane ... He's always down here providing support, FEMA is everywhere, Red Cross, you name it. We're being well taken care of.



Bill Nelson is absolutely nowhere to be found.  Big Surprise. He's a Democrat.",2018-10-28 23:58:35
Rick Scott,"President Trump needs support in the US Senate.



Remember FLORIDA‚Äî

President Trump needs Governor Rick Scott not nincompoop Nelson.



#VoteDemsOut #VoteRED

#MAGA #KAG2018 #KAG

#WalkAway #StayMad https://t.co/nyYPtwOX1n",2018-10-28 23:58:55
Rick Scott,"There seems to be no end to the ways in which Rick Scott enriches himself in public office.



https://t.co/1JoOmEgMzl",2018-10-28 23:59:01
Rick Scott,üå¥üíóHey FLORIDA!!!üíóüå¥ Please Get Out and üá∫üá∏Vote for Rick Scott!!!üá∫üá∏ He is an Awesome Patriot who will Keep Florida Great...and Make Florida Strong!!! #VoteRepublican #KeepFloridaRed #Midterms2018 #EveryVoteMatters https://t.co/9Stk4bSyme,2018-10-28 23:59:59
Rick Scott,"John James

Kevin Cramer

Matt Rosendale

Rick Scott

Martha McSally

Marsha Blackburn

Bob Hugin

Ron DeSantis

Ted Cruz

Karin Housley

Leah Vukmir

Josh Hawley

Dean Heller

Mike Braun

Patrick Morrisey

VOTE VOTE VOTE VOTE VOTE",2018-11-04 23:59:44
Rick Scott,EXCELLENT -&gt; Rick Scott Takes Rare Lead in Last-Minute Fla. Senate Poll  https://t.co/QTf0VYr8pq,2018-11-04 23:59:46
Rick Scott,"Slightly revising his hit ""Margaritaville,‚Äù @jimmybuffett today criticized Rick Scott for the state‚Äôs environmental mess: ‚ÄúSome people say there‚Äôs a red tide to blame, but I know, that it‚Äôs all Rick Scott‚Äôs fault.‚Äù https://t.co/aDcMGYrfTQ",2018-11-04 23:59:55
Rick Scott,It‚Äôs official. NOT ONE major Florida newspaper endorsed Rick Scott for Senate. Newspapers across the state say Bill Nelson is the right choice for Florida. https://t.co/29HsbimhWK,2018-11-04 23:59:58