,candidate,tweet,date
0,Kyrsten Sinema,"@danpfeiffer @leahmcelrath Yes she did. If you live in Arizona and want preexisting conditions saved in the ACA, vote for Kyrsten Sinema.
#VoteBlueToSaveAmerica  #VoteBlue",2018-11-04 23:59:23
1,Kyrsten Sinema,"#ARIZONA #CONSERVATIVES

You can put lipstick on a pig,  but it‚Äôs still a pig. Don‚Äôt be fooled by a pretty face. Kyrsten Sinema is anything but pretty inside.  She is a leftwing Radical Communist that will destroy #AZ

VOTE MARTHA MCSALLY FOR SENATE...a proven leader  w/integrity https://t.co/Kk503w914U",2018-11-04 23:59:12
2,Kyrsten Sinema,Here ya go: Kyrsten Sinema just wrapped up running a half marathon in Phoenix. She beat her personal half marathon record by 12 minutes ‚Äî with a time of 1:43. #AZSEN,2018-11-04 23:59:03
3,Kyrsten Sinema,@joncoopertweets @Nevada_Dem @kyrstensinema I Voted ALL Blue!I know all of this and I Voted for Kyrsten Sinema and ALL BLUE in Early Voting!üëçüåäüíôüòÉ https://t.co/d2spmmZnih,2018-11-04 23:58:37
4,Kyrsten Sinema,The Arizona GOP is sending mailers to Democratic voters tying the Green Party nominee in the state‚Äôs crucial Senate race to Sen. Bernie Sanders in what appears to be an attempt to persuade liberals to support her over Democratic Rep. Kyrsten Sinema. https://t.co/ra0Usrf0bO,2018-11-04 23:58:22
5,Kyrsten Sinema,@joncoopertweets @Nevada_Dem @kyrstensinema I Voted ALL Blue!I know all of this and I Voted for Kyrsten Sinema and ALL BLUE in Early Voting!üëçüåäüíôüòÉ https://t.co/d2spmmZnih,2018-11-04 23:57:42
6,Kyrsten Sinema,"THE DEFLECTION: Some made-up rumor about Joe Donnelly &amp; Facebook ads.

THE ACTUAL NEWS: Arizona GOP was caught paying for promotional third party mailers that falsely tied the Green Party candidate to Bernie Sanders in an attempt to siphon votes away from Democrat Kyrsten Sinema. https://t.co/t9vbL3j1gH",2018-11-04 23:56:51
7,Kyrsten Sinema,Here ya go: Kyrsten Sinema just wrapped up running a half marathon in Phoenix. She beat her personal half marathon record by 12 minutes ‚Äî with a time of 1:43. #AZSEN,2018-11-04 23:56:33
8,Kyrsten Sinema,"Democrats who will move this country forward:

Stacey Abrams - GA
Andrew Gillum - FL
Kyrsten Sinema -AZ
Beto O‚ÄôRourke -TX
Sharice Davids - KS
Randy Bryce - WI
Mike Levin - CA
Deb Haaland - NM

What other Dems are YOU voting for?

#VoteBlueToSaveAmerica #GOTV",2018-11-04 23:54:56
9,Kyrsten Sinema,"Democrats who will move this country forward:

Stacey Abrams - GA
Andrew Gillum - FL
Kyrsten Sinema -AZ
Beto O‚ÄôRourke -TX
Sharice Davids - KS
Randy Bryce - WI
Mike Levin - CA
Deb Haaland - NM

What other Dems are YOU voting for?

#VoteBlueToSaveAmerica #GOTV",2018-11-04 23:54:43
10,Martha McSally,"John James
Kevin Cramer
Matt Rosendale
Rick Scott
Martha McSally
Marsha Blackburn
Bob Hugin
Ron DeSantis
Ted Cruz
Karin Housley
Leah Vukmir
Josh Hawley
Dean Heller
Mike Braun
Patrick Morrisey
VOTE VOTE VOTE VOTE VOTE",2018-11-04 23:59:57
11,Martha McSally,"John James
Kevin Cramer
Matt Rosendale
Rick Scott
Martha McSally
Marsha Blackburn
Bob Hugin
Ron DeSantis
Ted Cruz
Karin Housley
Leah Vukmir
Josh Hawley
Dean Heller
Mike Braun
Patrick Morrisey
VOTE VOTE VOTE VOTE VOTE",2018-11-04 23:59:56
12,Martha McSally,"John James
Kevin Cramer
Matt Rosendale
Rick Scott
Martha McSally
Marsha Blackburn
Bob Hugin
Ron DeSantis
Ted Cruz
Karin Housley
Leah Vukmir
Josh Hawley
Dean Heller
Mike Braun
Patrick Morrisey
VOTE VOTE VOTE VOTE VOTE",2018-11-04 23:59:53
13,Martha McSally,"John James
Kevin Cramer
Matt Rosendale
Rick Scott
Martha McSally
Marsha Blackburn
Bob Hugin
Ron DeSantis
Ted Cruz
Karin Housley
Leah Vukmir
Josh Hawley
Dean Heller
Mike Braun
Patrick Morrisey
VOTE VOTE VOTE VOTE VOTE",2018-11-04 23:59:52
14,Martha McSally,@MaddowBlog Martha McSally: ‚ÄúWho are you gonna believe? Me or your own eyes?‚Äù,2018-11-04 23:59:52
15,Martha McSally,"John James
Kevin Cramer
Matt Rosendale
Rick Scott
Martha McSally
Marsha Blackburn
Bob Hugin
Ron DeSantis
Ted Cruz
Karin Housley
Leah Vukmir
Josh Hawley
Dean Heller
Mike Braun
Patrick Morrisey
VOTE VOTE VOTE VOTE VOTE",2018-11-04 23:59:51
16,Martha McSally,"Arizonans: When you vote on Tuesday, please remember that Martha ‚ÄúLet‚Äôs Fucking Do This‚Äù McSally voted to repeal the ACA and tried to eliminate #PreExistingConditions protections. 

Vote for @kyrstensinema ‚Äî she‚Äôll protect your health care!

#MarthaLetsFuckingDoThisMcSally",2018-11-04 23:59:48
17,Martha McSally,Martha McSally yelled ‚ÄúLet‚Äôs Fucking Do This‚Äù on her way to enthusiastically vote to repeal the ACA https://t.co/Ucf7iujsZO,2018-11-04 23:59:46
18,Martha McSally,"Arizonans: When you vote on Tuesday, please remember that Martha ‚ÄúLet‚Äôs Fucking Do This‚Äù McSally voted to repeal the ACA and tried to eliminate #PreExistingConditions protections. 

Vote for @kyrstensinema ‚Äî she‚Äôll protect your health care!

#MarthaLetsFuckingDoThisMcSally",2018-11-04 23:59:45
19,Martha McSally,"Martha McSally: ""We cannot go back to where we were before Obamacare.""

also Martha McSally: ""Let's get this F***ing thing done!"" (the f***ing thing being Obamacare repeal) https://t.co/E6NA3xklDy",2018-11-04 23:59:45
20,Jacky Rosen,"""They don't care about your health conditions. They don't care about lifetime caps. Jacky Rosen does, and that's why I'm here to support Jacky."" - @JimmyKimmel

Help us get across the finish line &gt;&gt; https://t.co/XU1IJEjTfC https://t.co/pcZvFCObd0",2018-11-04 23:59:59
21,Jacky Rosen,"It‚Äôs simple - A vote for liberal Jacky Rosen is a vote to turn Nevada into California. 

Nevada patriots - Get out the vote on Tuesday for @Deanheller! #MAGA #NVSEN https://t.co/Wvgl8Du3cd",2018-11-04 23:59:19
22,Jacky Rosen,"Jacky Rosen, Democrats Do not know what party lines are, &amp; I don‚Äôt think you do. President has tried to work with Dem‚Äôs many times. We all know how that went. It‚Äôs 100% Dems way or no way.",2018-11-04 23:58:43
23,Jacky Rosen,"Jacky Rosen stands with them, not Nevada. Find your polling place now and vote November 6th!",2018-11-04 23:58:30
24,Jacky Rosen,"Two days left. Vote Jacky Rosen, @RosenforNevada, to help keep this the land of the free. She‚Äôs the best of the brave. #WaveCast #WaveCastNV #FlipTheSenate #VoteDem üí• https://t.co/jQT8oqWIyg",2018-11-04 23:58:21
25,Jacky Rosen,"NEVADA :

JACKY ROSEN will NOT VOTE to Kill your Pre -Existing Con benefits
Or these benefits üëá

*Soc. Security
*Medicare
*Medicaid

HELLER- ALREADY VOTED 70 TIMES TO KILL ACA.

Can U AFFORD TO LOSE THESE 
BENEFITS?

SAVE YOUR ACA + PRE- EXIST CON

VOTE J ROSEN 
RT",2018-11-04 23:56:46
26,Jacky Rosen,I will still gladly ring this doorbell because killer spiders are only the second scariest thing to me. The first would be jacky Rosen or Steve sisolak winning this election. #TeamDean #TeamLaxalt #WeAreTheField #LeadRight https://t.co/YfkSwQHlXN,2018-11-04 23:56:38
27,Jacky Rosen,"And if you would like to take out your anger over Kavanaugh on someone deserving, donate to Jacky Rosen. This man‚Äôs opponent for Senate in NV.  https://t.co/XKdiVscYWL https://t.co/Voa3qi4Dlc",2018-11-04 23:56:28
28,Jacky Rosen,I will still gladly ring this doorbell because killer spiders are only the second scariest thing to me. The first would be jacky Rosen or Steve sisolak winning this election. #TeamDean #TeamLaxalt #WeAreTheField #LeadRight https://t.co/YfkSwQHlXN,2018-11-04 23:56:18
29,Jacky Rosen,"President Obama is ALL-IN to elect Jacky Rosen in NV because he knows that THIS race will decide Senate control. But McConnell is dumping millions in to stop us, and our fundraising is falling short. Give now and have it MATCHED to win in NV and take back the Senate for Dems!",2018-11-04 23:56:16
30,Dean Heller,"John James
Kevin Cramer
Matt Rosendale
Rick Scott
Martha McSally
Marsha Blackburn
Bob Hugin
Ron DeSantis
Ted Cruz
Karin Housley
Leah Vukmir
Josh Hawley
Dean Heller
Mike Braun
Patrick Morrisey
VOTE VOTE VOTE VOTE VOTE",2018-11-04 23:59:57
31,Dean Heller,"John James
Kevin Cramer
Matt Rosendale
Rick Scott
Martha McSally
Marsha Blackburn
Bob Hugin
Ron DeSantis
Ted Cruz
Karin Housley
Leah Vukmir
Josh Hawley
Dean Heller
Mike Braun
Patrick Morrisey
VOTE VOTE VOTE VOTE VOTE",2018-11-04 23:59:56
32,Dean Heller,"John James
Kevin Cramer
Matt Rosendale
Rick Scott
Martha McSally
Marsha Blackburn
Bob Hugin
Ron DeSantis
Ted Cruz
Karin Housley
Leah Vukmir
Josh Hawley
Dean Heller
Mike Braun
Patrick Morrisey
VOTE VOTE VOTE VOTE VOTE",2018-11-04 23:59:53
33,Dean Heller,"John James
Kevin Cramer
Matt Rosendale
Rick Scott
Martha McSally
Marsha Blackburn
Bob Hugin
Ron DeSantis
Ted Cruz
Karin Housley
Leah Vukmir
Josh Hawley
Dean Heller
Mike Braun
Patrick Morrisey
VOTE VOTE VOTE VOTE VOTE",2018-11-04 23:59:52
34,Dean Heller,"Nevada Sen. Dean Heller (R) had a woman with stage-4 cancer forcibly removed from his town hall after she asked him how Trump's policies would harm the Affordable Care Act. 

https://t.co/qFH7PrP6hf",2018-11-04 23:59:52
35,Dean Heller,"John James
Kevin Cramer
Matt Rosendale
Rick Scott
Martha McSally
Marsha Blackburn
Bob Hugin
Ron DeSantis
Ted Cruz
Karin Housley
Leah Vukmir
Josh Hawley
Dean Heller
Mike Braun
Patrick Morrisey
VOTE VOTE VOTE VOTE VOTE",2018-11-04 23:59:51
36,Dean Heller,"John James
Kevin Cramer
Matt Rosendale
Rick Scott
Martha McSally
Marsha Blackburn
Bob Hugin
Ron DeSantis
Ted Cruz
Karin Housley
Leah Vukmir
Josh Hawley
Dean Heller
Mike Braun
Patrick Morrisey
VOTE VOTE VOTE VOTE VOTE",2018-11-04 23:59:44
37,Dean Heller,"John James
Kevin Cramer
Matt Rosendale
Rick Scott
Martha McSally
Marsha Blackburn
Bob Hugin
Ron DeSantis
Ted Cruz
Karin Housley
Leah Vukmir
Josh Hawley
Dean Heller
Mike Braun
Patrick Morrisey
VOTE VOTE VOTE VOTE VOTE",2018-11-04 23:59:41
38,Dean Heller,"John James
Kevin Cramer
Matt Rosendale
Rick Scott
Martha McSally
Marsha Blackburn
Bob Hugin
Ron DeSantis
Ted Cruz
Karin Housley
Leah Vukmir
Josh Hawley
Dean Heller
Mike Braun
Patrick Morrisey
VOTE VOTE VOTE VOTE VOTE",2018-11-04 23:59:39
39,Dean Heller,"John James
Kevin Cramer
Matt Rosendale
Rick Scott
Martha McSally
Marsha Blackburn
Bob Hugin
Ron DeSantis
Ted Cruz
Karin Housley
Leah Vukmir
Josh Hawley
Dean Heller
Mike Braun
Patrick Morrisey
VOTE VOTE VOTE VOTE VOTE",2018-11-04 23:59:37
40,Bill Nelson,It‚Äôs official. NOT ONE major Florida newspaper endorsed Rick Scott for Senate. Newspapers across the state say Bill Nelson is the right choice for Florida. https://t.co/29HsbimhWK,2018-11-04 23:59:58
41,Bill Nelson,"I can't wait until Florida elects Andrew Gillum to be our next Gov &amp; Bill Nelson to be reelected to the US Senate.

Never thought I would also be so invested in &amp; excited about other State races for the Midterms. TX, CA, WI, GA, NV, KS, etc.",2018-11-04 23:59:56
42,Bill Nelson,"I can't wait until Florida elects Andrew Gillum to be our next Gov &amp; Bill Nelson to be reelected to the US Senate.

Never thought I would also be so invested in &amp; excited about other State races for the Midterms. TX, CA, WI, GA, NV, KS, etc.",2018-11-04 23:59:50
43,Bill Nelson,"In all the time I‚Äôve been President, almost two years, never once did Senator Bill Nelson call me to ask for help for the Great State of Florida. I never see him until election time....",2018-11-04 23:59:48
44,Bill Nelson,"In all the time I‚Äôve been President, almost two years, never once did Senator Bill Nelson call me to ask for help for the Great State of Florida. I never see him until election time....",2018-11-04 23:59:46
45,Bill Nelson,"@realDonaldTrump You are the con man in the world, a chronic pathological liar. There is no cure for your disease. Bill Nelson has been there for every disaster areas and events and helped with the DISASTER RELIEF. Nelson reached out for all victims. Where was/is Rick Scott and you??? https://t.co/bOQLmvwd2E",2018-11-04 23:59:43
46,Bill Nelson,"@realDonaldTrump @ScottforFlorida You are the con man in the world, a chronic pathological liar. There is no cure for your disease. Bill Nelson has been there for every disaster areas and events and helped with the DISASTER RELIEF. Nelson reached out for all victims. Where was/is Rick Scott and you??? https://t.co/rOVZwNWDJB",2018-11-04 23:59:38
47,Bill Nelson,"Powerful reminder why the election of @RonDeSantisFL   matters.  And let's PLEASE send Bill ""do-nothing"" Nelson home and send @FLGovScott to the Senate! https://t.co/DL7RBPF2cG",2018-11-04 23:59:28
48,Bill Nelson,"Powerful reminder why the election of @RonDeSantisFL   matters.  And let's PLEASE send Bill ""do-nothing"" Nelson home and send @FLGovScott to the Senate! https://t.co/DL7RBPF2cG",2018-11-04 23:59:25
49,Bill Nelson,"Rick Scott‚Äôs company ripped off Medicare. 
Rick Scott rejected Medicaid for 800,000 Floridians. 
Rick Scott will reduce your Medicare &amp; Social Security benefits to pay for tax cuts for the 1%. 
Vote fo Bill Nelson.",2018-11-04 23:59:24
50,Rick Scott,It‚Äôs official. NOT ONE major Florida newspaper endorsed Rick Scott for Senate. Newspapers across the state say Bill Nelson is the right choice for Florida. https://t.co/29HsbimhWK,2018-11-04 23:59:58
51,Rick Scott,"John James
Kevin Cramer
Matt Rosendale
Rick Scott
Martha McSally
Marsha Blackburn
Bob Hugin
Ron DeSantis
Ted Cruz
Karin Housley
Leah Vukmir
Josh Hawley
Dean Heller
Mike Braun
Patrick Morrisey
VOTE VOTE VOTE VOTE VOTE",2018-11-04 23:59:57
52,Rick Scott,"John James
Kevin Cramer
Matt Rosendale
Rick Scott
Martha McSally
Marsha Blackburn
Bob Hugin
Ron DeSantis
Ted Cruz
Karin Housley
Leah Vukmir
Josh Hawley
Dean Heller
Mike Braun
Patrick Morrisey
VOTE VOTE VOTE VOTE VOTE",2018-11-04 23:59:56
53,Rick Scott,"Slightly revising his hit ""Margaritaville,‚Äù @jimmybuffett today criticized Rick Scott for the state‚Äôs environmental mess: ‚ÄúSome people say there‚Äôs a red tide to blame, but I know, that it‚Äôs all Rick Scott‚Äôs fault.‚Äù https://t.co/aDcMGYrfTQ",2018-11-04 23:59:55
54,Rick Scott,"John James
Kevin Cramer
Matt Rosendale
Rick Scott
Martha McSally
Marsha Blackburn
Bob Hugin
Ron DeSantis
Ted Cruz
Karin Housley
Leah Vukmir
Josh Hawley
Dean Heller
Mike Braun
Patrick Morrisey
VOTE VOTE VOTE VOTE VOTE",2018-11-04 23:59:53
55,Rick Scott,"John James
Kevin Cramer
Matt Rosendale
Rick Scott
Martha McSally
Marsha Blackburn
Bob Hugin
Ron DeSantis
Ted Cruz
Karin Housley
Leah Vukmir
Josh Hawley
Dean Heller
Mike Braun
Patrick Morrisey
VOTE VOTE VOTE VOTE VOTE",2018-11-04 23:59:52
56,Rick Scott,"John James
Kevin Cramer
Matt Rosendale
Rick Scott
Martha McSally
Marsha Blackburn
Bob Hugin
Ron DeSantis
Ted Cruz
Karin Housley
Leah Vukmir
Josh Hawley
Dean Heller
Mike Braun
Patrick Morrisey
VOTE VOTE VOTE VOTE VOTE",2018-11-04 23:59:51
57,Rick Scott,Rick Scott Takes Rare Lead in Last-Minute Fla. Senate Poll ‚Äì Dan Bongino https://t.co/igHhTrvBPg via @dbongino,2018-11-04 23:59:46
58,Rick Scott,EXCELLENT -&gt; Rick Scott Takes Rare Lead in Last-Minute Fla. Senate Poll  https://t.co/QTf0VYr8pq,2018-11-04 23:59:46
59,Rick Scott,"John James
Kevin Cramer
Matt Rosendale
Rick Scott
Martha McSally
Marsha Blackburn
Bob Hugin
Ron DeSantis
Ted Cruz
Karin Housley
Leah Vukmir
Josh Hawley
Dean Heller
Mike Braun
Patrick Morrisey
VOTE VOTE VOTE VOTE VOTE",2018-11-04 23:59:44
60,Jon Tester,"@frankthorp Trump is in Bozeman, because senator Jon Tester pissed him off. Bozeman is a liberal city, in a red state, highly educated, we care about people of all color, religious background and see a trend in our state turning blue.  Don't write us off, we need more progressive visitors!",2018-11-04 23:59:18
61,Jon Tester,"""@realDonaldTrump ‚Ä¶. bashed incumbent Democratic @jontester as someone who ‚Äòwill listen to whatever Cryin' Chuck tells him to do.‚Äô"" #mtpol #mtsen #DefeatTester https://t.co/XS4cbkEAVR",2018-11-04 23:59:06
62,Jon Tester,Kathleen Williams and Jon Tester are significantly better than their opponents. They will be better for all Montanans. My father is a retired Navy Veteran. My family knows veterans' issues. Vote @jontester for United States Senate and @WilliamsForMT for United States House.,2018-11-04 23:58:48
63,Jon Tester,"Protect SS, Medicare and Medicaid get out and vote BLUE! 
Re-elect Blue Senators: Heide Heitkamp for North Dakota, 
Claire McCaskill for Missouri, Joe Donnelly for Indiana, Jon Tester for Montana,
Bob Menendez for New Jersey, Tammy Baldwin for Wisconsin,
Sherrod Brown of Ohio! https://t.co/2TQotnHnWx",2018-11-04 23:58:24
64,Jon Tester,"Democrat Jon Tester isn‚Äôt a Trump ally. Just look at his votes on @realDonaldTrump‚Äôs nominees:
‚ùåGorsuch
‚ùåSec of State ‚Äì twice
‚ùåCIA Director ‚Äì twice
‚ùåSec of Defense (waiver)
‚ùåTreasury Sec
‚ùåKavanaugh
 
Tester has to go. Vote @MattForMontana! #MTSen
https://t.co/uzWsuLg5I8",2018-11-04 23:58:24
65,Jon Tester,"They may not be able to vote, but #TotsforTester are getting the word out about Jon Tester. After all, this election will affect their generation. #mtpol #mtsen #letsvoteMT https://t.co/1PyOd6baKC",2018-11-04 23:58:23
66,Jon Tester,"Democrat Jon Tester isn‚Äôt a Trump ally. Just look at his votes on @realDonaldTrump‚Äôs nominees:
‚ùåGorsuch
‚ùåSec of State ‚Äì twice
‚ùåCIA Director ‚Äì twice
‚ùåSec of Defense (waiver)
‚ùåTreasury Sec
‚ùåKavanaugh
 
Tester has to go. Vote @MattForMontana! #MTSen
https://t.co/uzWsuLg5I8",2018-11-04 23:58:22
67,Jon Tester,"Democrat Jon Tester isn‚Äôt a Trump ally. Just look at his votes on @realDonaldTrump‚Äôs nominees:
‚ùåGorsuch
‚ùåSec of State ‚Äì twice
‚ùåCIA Director ‚Äì twice
‚ùåSec of Defense (waiver)
‚ùåTreasury Sec
‚ùåKavanaugh
 
Tester has to go. Vote @MattForMontana! #MTSen
https://t.co/uzWsuLg5I8",2018-11-04 23:58:10
68,Jon Tester,"""‚ÄòI‚Äôve never forgotten it,‚Äô the president of @jontester blocking the nomination of former White House doctor Adm. Ronny Jackson to lead the Department of Veterans Affairs."" #mtpol #mtsen #DefeatTester https://t.co/8EvFdZ5ZL2",2018-11-04 23:57:59
69,Jon Tester,"""@realDonaldTrump ‚Ä¶. bashed incumbent Democratic @jontester as someone who ‚Äòwill listen to whatever Cryin' Chuck tells him to do.‚Äô"" #mtpol #mtsen #DefeatTester https://t.co/XS4cbkEAVR",2018-11-04 23:57:14
70,Matt Rosendale,"John James
Kevin Cramer
Matt Rosendale
Rick Scott
Martha McSally
Marsha Blackburn
Bob Hugin
Ron DeSantis
Ted Cruz
Karin Housley
Leah Vukmir
Josh Hawley
Dean Heller
Mike Braun
Patrick Morrisey
VOTE VOTE VOTE VOTE VOTE",2018-11-04 23:59:57
71,Matt Rosendale,"John James
Kevin Cramer
Matt Rosendale
Rick Scott
Martha McSally
Marsha Blackburn
Bob Hugin
Ron DeSantis
Ted Cruz
Karin Housley
Leah Vukmir
Josh Hawley
Dean Heller
Mike Braun
Patrick Morrisey
VOTE VOTE VOTE VOTE VOTE",2018-11-04 23:59:56
72,Matt Rosendale,"John James
Kevin Cramer
Matt Rosendale
Rick Scott
Martha McSally
Marsha Blackburn
Bob Hugin
Ron DeSantis
Ted Cruz
Karin Housley
Leah Vukmir
Josh Hawley
Dean Heller
Mike Braun
Patrick Morrisey
VOTE VOTE VOTE VOTE VOTE",2018-11-04 23:59:53
73,Matt Rosendale,"John James
Kevin Cramer
Matt Rosendale
Rick Scott
Martha McSally
Marsha Blackburn
Bob Hugin
Ron DeSantis
Ted Cruz
Karin Housley
Leah Vukmir
Josh Hawley
Dean Heller
Mike Braun
Patrick Morrisey
VOTE VOTE VOTE VOTE VOTE",2018-11-04 23:59:52
74,Matt Rosendale,"John James
Kevin Cramer
Matt Rosendale
Rick Scott
Martha McSally
Marsha Blackburn
Bob Hugin
Ron DeSantis
Ted Cruz
Karin Housley
Leah Vukmir
Josh Hawley
Dean Heller
Mike Braun
Patrick Morrisey
VOTE VOTE VOTE VOTE VOTE",2018-11-04 23:59:51
75,Matt Rosendale,"John James
Kevin Cramer
Matt Rosendale
Rick Scott
Martha McSally
Marsha Blackburn
Bob Hugin
Ron DeSantis
Ted Cruz
Karin Housley
Leah Vukmir
Josh Hawley
Dean Heller
Mike Braun
Patrick Morrisey
VOTE VOTE VOTE VOTE VOTE",2018-11-04 23:59:44
76,Matt Rosendale,"John James
Kevin Cramer
Matt Rosendale
Rick Scott
Martha McSally
Marsha Blackburn
Bob Hugin
Ron DeSantis
Ted Cruz
Karin Housley
Leah Vukmir
Josh Hawley
Dean Heller
Mike Braun
Patrick Morrisey
VOTE VOTE VOTE VOTE VOTE",2018-11-04 23:59:41
77,Matt Rosendale,"John James
Kevin Cramer
Matt Rosendale
Rick Scott
Martha McSally
Marsha Blackburn
Bob Hugin
Ron DeSantis
Ted Cruz
Karin Housley
Leah Vukmir
Josh Hawley
Dean Heller
Mike Braun
Patrick Morrisey
VOTE VOTE VOTE VOTE VOTE",2018-11-04 23:59:39
78,Matt Rosendale,"John James
Kevin Cramer
Matt Rosendale
Rick Scott
Martha McSally
Marsha Blackburn
Bob Hugin
Ron DeSantis
Ted Cruz
Karin Housley
Leah Vukmir
Josh Hawley
Dean Heller
Mike Braun
Patrick Morrisey
VOTE VOTE VOTE VOTE VOTE",2018-11-04 23:59:37
79,Matt Rosendale,"John James
Kevin Cramer
Matt Rosendale
Rick Scott
Martha McSally
Marsha Blackburn
Bob Hugin
Ron DeSantis
Ted Cruz
Karin Housley
Leah Vukmir
Josh Hawley
Dean Heller
Mike Braun
Patrick Morrisey
VOTE VOTE VOTE VOTE VOTE",2018-11-04 23:59:29
80,Josh Hawley,"John James
Kevin Cramer
Matt Rosendale
Rick Scott
Martha McSally
Marsha Blackburn
Bob Hugin
Ron DeSantis
Ted Cruz
Karin Housley
Leah Vukmir
Josh Hawley
Dean Heller
Mike Braun
Patrick Morrisey
VOTE VOTE VOTE VOTE VOTE",2018-11-04 23:59:57
81,Josh Hawley,"John James
Kevin Cramer
Matt Rosendale
Rick Scott
Martha McSally
Marsha Blackburn
Bob Hugin
Ron DeSantis
Ted Cruz
Karin Housley
Leah Vukmir
Josh Hawley
Dean Heller
Mike Braun
Patrick Morrisey
VOTE VOTE VOTE VOTE VOTE",2018-11-04 23:59:56
82,Josh Hawley,"John James
Kevin Cramer
Matt Rosendale
Rick Scott
Martha McSally
Marsha Blackburn
Bob Hugin
Ron DeSantis
Ted Cruz
Karin Housley
Leah Vukmir
Josh Hawley
Dean Heller
Mike Braun
Patrick Morrisey
VOTE VOTE VOTE VOTE VOTE",2018-11-04 23:59:53
83,Josh Hawley,"John James
Kevin Cramer
Matt Rosendale
Rick Scott
Martha McSally
Marsha Blackburn
Bob Hugin
Ron DeSantis
Ted Cruz
Karin Housley
Leah Vukmir
Josh Hawley
Dean Heller
Mike Braun
Patrick Morrisey
VOTE VOTE VOTE VOTE VOTE",2018-11-04 23:59:52
84,Josh Hawley,"John James
Kevin Cramer
Matt Rosendale
Rick Scott
Martha McSally
Marsha Blackburn
Bob Hugin
Ron DeSantis
Ted Cruz
Karin Housley
Leah Vukmir
Josh Hawley
Dean Heller
Mike Braun
Patrick Morrisey
VOTE VOTE VOTE VOTE VOTE",2018-11-04 23:59:51
85,Josh Hawley,"John James
Kevin Cramer
Matt Rosendale
Rick Scott
Martha McSally
Marsha Blackburn
Bob Hugin
Ron DeSantis
Ted Cruz
Karin Housley
Leah Vukmir
Josh Hawley
Dean Heller
Mike Braun
Patrick Morrisey
VOTE VOTE VOTE VOTE VOTE",2018-11-04 23:59:44
86,Josh Hawley,"John James
Kevin Cramer
Matt Rosendale
Rick Scott
Martha McSally
Marsha Blackburn
Bob Hugin
Ron DeSantis
Ted Cruz
Karin Housley
Leah Vukmir
Josh Hawley
Dean Heller
Mike Braun
Patrick Morrisey
VOTE VOTE VOTE VOTE VOTE",2018-11-04 23:59:41
87,Josh Hawley,"Missouri, vote for Josh Hawley!
Indiana, vote for Mike Braun!
New Jersey, vote for Bob Hugin!
Georgia, vote for Brian Kemp!
Florida, vote for Rick Scott and Ron DeSantis! 
New Hampshire, vote with Eddie Edwards! 
Michigan ,vote for John James! 
Arizona, vote for Martha McSally! https://t.co/XAjXtSySWX",2018-11-04 23:59:40
88,Josh Hawley,"John James
Kevin Cramer
Matt Rosendale
Rick Scott
Martha McSally
Marsha Blackburn
Bob Hugin
Ron DeSantis
Ted Cruz
Karin Housley
Leah Vukmir
Josh Hawley
Dean Heller
Mike Braun
Patrick Morrisey
VOTE VOTE VOTE VOTE VOTE",2018-11-04 23:59:39
89,Josh Hawley,"#MISSOURI #CONSERVATIVES #WALKAWAY

This week Claire McCaskill tried representing herself as a Centrist &amp; distance herself from Pelosi/Schumer.

LIES!  She is the Radical Left &amp; has a worse conservative record than PELOSI!

Vote JOSH HAWLEY FOR SENATE 
#VoteRed #VoteDemsOut https://t.co/b5S7nS3abY",2018-11-04 23:59:39
90,Claire McCaskill,"#MISSOURI #CONSERVATIVES #WALKAWAY

This week Claire McCaskill tried representing herself as a Centrist &amp; distance herself from Pelosi/Schumer.

LIES!  She is the Radical Left &amp; has a worse conservative record than PELOSI!

Vote JOSH HAWLEY FOR SENATE 
#VoteRed #VoteDemsOut https://t.co/b5S7nS3abY",2018-11-04 23:59:39
91,Claire McCaskill,Claire McCaskill Under Fire After Staffer Admits Planned Parenthood Secretly Funnels Money to Her https://t.co/13jyfaZd9O https://t.co/mIaBmujmpo,2018-11-04 23:59:15
92,Claire McCaskill,Claire McCaskill Under Fire After Staffer Admits Planned Parenthood Secretly Funnels Money to Her https://t.co/13jyfaZd9O https://t.co/mIaBmujmpo,2018-11-04 23:59:06
93,Claire McCaskill,"Claire McCaskill stands with them, not Missouri. Find your polling place now and vote November 6th!",2018-11-04 23:59:05
94,Claire McCaskill,"@CandiceRoyer Me! Red MO, where I‚Äôm afraid we might lose our one Democrat, Claire McCaskill, to trump, yes man, Josh Hawley. I might need to move if that happens.",2018-11-04 23:58:59
95,Claire McCaskill,"üí•üí• MISSOURI ELECTION ALERT üí•üí•
If you want want Border Security, and to preserve your way of life, it‚Äôs time to say goodbye the Claire McCaskill
And vote for Josh Hawley @HawleyMO for U.S Senate.  Our President agrees that Josh Hawley is the right choice for Missouri. https://t.co/jseG3AfjFW",2018-11-04 23:58:57
96,Claire McCaskill,Claire McCaskill Under Fire After Staffer Admits Planned Parenthood Secretly Funnels Money to Her https://t.co/13jyfaZd9O https://t.co/mIaBmujmpo,2018-11-04 23:58:55
97,Claire McCaskill,@MomsDemand is getting out the Vote for Claire McCaskill @McCaskill4MO &amp; Cort VanOstran @cortvo! We need to do it too! #VoteDem #WaveCast #WaveCastMO  #FlipTheHouse #FlipTheSenate üí• Vote! üí• https://t.co/eKue6XWJRA,2018-11-04 23:58:44
98,Claire McCaskill,@MeetThePress @MorganRadford Republicans want to take away protections for people with pre-existing health conditions like asthma &amp; diabetes. Republicans voted to take away those protections last year and are suing to take away the pre-existing protections. Vote for Claire McCaskill,2018-11-04 23:58:35
99,Claire McCaskill,"Protect SS, Medicare and Medicaid get out and vote BLUE! 
Re-elect Blue Senators: Heide Heitkamp for North Dakota, 
Claire McCaskill for Missouri, Joe Donnelly for Indiana, Jon Tester for Montana,
Bob Menendez for New Jersey, Tammy Baldwin for Wisconsin,
Sherrod Brown of Ohio! https://t.co/2TQotnHnWx",2018-11-04 23:58:24
100,Marsha Blackburn,.@realDonaldTrump Vice President Pence and Marsha Blackburn are en route to McKenzie Arena for President Trump's rally. https://t.co/dx725ZH9Ub,2018-11-04 23:59:59
101,Marsha Blackburn,"Good thing there's no need for Corker to grow a set since he declined to say whether or not he voted for Marsha Blackburn

Are you packing up your office yet, Bob? I suggest using the cardboard boxes from your Sam's Club soy milk supply

Pack it up, Bob!  https://t.co/grJ1qaLhAn",2018-11-04 23:59:59
102,Marsha Blackburn,Marsha Blackburn tells voters she's fighting opioids. Her track record doesn't agree. https://t.co/vE5ID1NQYm https://t.co/gqWKwLefFh,2018-11-04 23:59:58
103,Marsha Blackburn,"John James
Kevin Cramer
Matt Rosendale
Rick Scott
Martha McSally
Marsha Blackburn
Bob Hugin
Ron DeSantis
Ted Cruz
Karin Housley
Leah Vukmir
Josh Hawley
Dean Heller
Mike Braun
Patrick Morrisey
VOTE VOTE VOTE VOTE VOTE",2018-11-04 23:59:57
104,Marsha Blackburn,"John James
Kevin Cramer
Matt Rosendale
Rick Scott
Martha McSally
Marsha Blackburn
Bob Hugin
Ron DeSantis
Ted Cruz
Karin Housley
Leah Vukmir
Josh Hawley
Dean Heller
Mike Braun
Patrick Morrisey
VOTE VOTE VOTE VOTE VOTE",2018-11-04 23:59:56
105,Marsha Blackburn,"John James
Kevin Cramer
Matt Rosendale
Rick Scott
Martha McSally
Marsha Blackburn
Bob Hugin
Ron DeSantis
Ted Cruz
Karin Housley
Leah Vukmir
Josh Hawley
Dean Heller
Mike Braun
Patrick Morrisey
VOTE VOTE VOTE VOTE VOTE",2018-11-04 23:59:53
106,Marsha Blackburn,.@realDonaldTrump Vice President Pence and Marsha Blackburn are en route to McKenzie Arena for President Trump's rally. https://t.co/dx725ZH9Ub,2018-11-04 23:59:53
107,Marsha Blackburn,"John James
Kevin Cramer
Matt Rosendale
Rick Scott
Martha McSally
Marsha Blackburn
Bob Hugin
Ron DeSantis
Ted Cruz
Karin Housley
Leah Vukmir
Josh Hawley
Dean Heller
Mike Braun
Patrick Morrisey
VOTE VOTE VOTE VOTE VOTE",2018-11-04 23:59:52
108,Marsha Blackburn,"John James
Kevin Cramer
Matt Rosendale
Rick Scott
Martha McSally
Marsha Blackburn
Bob Hugin
Ron DeSantis
Ted Cruz
Karin Housley
Leah Vukmir
Josh Hawley
Dean Heller
Mike Braun
Patrick Morrisey
VOTE VOTE VOTE VOTE VOTE",2018-11-04 23:59:51
109,Marsha Blackburn,"John James
Kevin Cramer
Matt Rosendale
Rick Scott
Martha McSally
Marsha Blackburn
Bob Hugin
Ron DeSantis
Ted Cruz
Karin Housley
Leah Vukmir
Josh Hawley
Dean Heller
Mike Braun
Patrick Morrisey
VOTE VOTE VOTE VOTE VOTE",2018-11-04 23:59:44
110,Phil Bredesen,"@VoteMarsha @realDonaldTrump Neither you or Trump have a thimble full of accomplishments combined!  We NEED leadership....we NEED progress....
PHIL BREDESEN can deliver both.",2018-11-04 23:59:58
111,Phil Bredesen,"Let‚Äôs do our part to end hyper-partisan gridlock in Washington and send Phil Bredesen! #GoVoteTN https://t.co/1OVMph7Kkl
Our national politics have lost touch. The grudges &amp; disagreements have become too great. My mission today is to ask you to join me in fixing it. I want to go to work to restore the idea that America is something new, something exceptional.
https://t.co/JdEcRaCnES",2018-11-04 23:59:25
112,Phil Bredesen,@realDonaldTrump We don't want you here. You must be desperate to hold onto the Senate.  We don't want Blackburn going to the Senate. We will vote for Phil Bredesen. #VoteBlue #BlueWave #VoteDem #VoteDemocrat #GOPVotingBlue,2018-11-04 23:58:22
113,Phil Bredesen,"Mildly interesting red-state trend: Heidi Heitkamp and Claire McCaskill are losing steam down the stretch while Joe Manchin, Joe Donnelly, Phil Bredesen and Beto O‚ÄôRourke are either ahead or closing in. ü§î",2018-11-04 23:57:46
114,Phil Bredesen,‚ÄúA vote for Phil Bredesen‚Ä¶ is a vote for cryin‚Äô Chuck Schumer to be Majority Leader‚Äù -@SenJohnson,2018-11-04 23:56:39
115,Phil Bredesen,"Taylor Swift announces on Instagram that she cast an early vote for Democratic Senate candidate Phil Bredesen in Tennessee, and urged others in the state to do the same. 

https://t.co/CNIYs0nCMd",2018-11-04 23:56:01
116,Phil Bredesen,"This election cycle, the NRA has spent $1.1 million attacking Joe Donnelly.

Just last week, it spent $195,248 attacking Phil Bredesen and $170,951 attacking Claire McCaskill.

Democrats want to do something about the gun violence epidemic so the NRA is spending big to stop them.",2018-11-04 23:55:57
117,Phil Bredesen,"Four Questions for America‚Äôs Ugliest Campaign https://t.co/fVEe4S4dIu. MARSHA BLACKBURN BOUGHT BY DRUG COMPANIES, WHO PAYS FOR HER VOTES! VOTE BREDESEN!!!",2018-11-04 23:53:40
118,Phil Bredesen,"Four Questions for America‚Äôs Ugliest Campaign https://t.co/fVEe4S4dIu. MARSHA BLACKBURN BOUGHT BY DRUG COMPANIES, WHO PAYS FOR HER VOTES! VOTE BREDESEN!!!",2018-11-04 23:53:28
119,Phil Bredesen,"State Senator Jack Johnson repeatedly rips into Democrats, particularly Phil Bredesen, warranting applause for Marsha Blackburn.",2018-11-04 23:53:15
120,Mike Braun,IndyStar Editorial Board: Why Mike Braun is right choice for U.S. Senate https://t.co/5RLkaOUUIp via @indystar @braun4indiana is without a doubt the best choice! @realDonaldTrump @MikePenceVP @Jim_Banks,2018-11-04 23:59:59
121,Mike Braun,"John James
Kevin Cramer
Matt Rosendale
Rick Scott
Martha McSally
Marsha Blackburn
Bob Hugin
Ron DeSantis
Ted Cruz
Karin Housley
Leah Vukmir
Josh Hawley
Dean Heller
Mike Braun
Patrick Morrisey
VOTE VOTE VOTE VOTE VOTE",2018-11-04 23:59:57
122,Mike Braun,"John James
Kevin Cramer
Matt Rosendale
Rick Scott
Martha McSally
Marsha Blackburn
Bob Hugin
Ron DeSantis
Ted Cruz
Karin Housley
Leah Vukmir
Josh Hawley
Dean Heller
Mike Braun
Patrick Morrisey
VOTE VOTE VOTE VOTE VOTE",2018-11-04 23:59:56
123,Mike Braun,"John James
Kevin Cramer
Matt Rosendale
Rick Scott
Martha McSally
Marsha Blackburn
Bob Hugin
Ron DeSantis
Ted Cruz
Karin Housley
Leah Vukmir
Josh Hawley
Dean Heller
Mike Braun
Patrick Morrisey
VOTE VOTE VOTE VOTE VOTE",2018-11-04 23:59:53
124,Mike Braun,"John James
Kevin Cramer
Matt Rosendale
Rick Scott
Martha McSally
Marsha Blackburn
Bob Hugin
Ron DeSantis
Ted Cruz
Karin Housley
Leah Vukmir
Josh Hawley
Dean Heller
Mike Braun
Patrick Morrisey
VOTE VOTE VOTE VOTE VOTE",2018-11-04 23:59:52
125,Mike Braun,"John James
Kevin Cramer
Matt Rosendale
Rick Scott
Martha McSally
Marsha Blackburn
Bob Hugin
Ron DeSantis
Ted Cruz
Karin Housley
Leah Vukmir
Josh Hawley
Dean Heller
Mike Braun
Patrick Morrisey
VOTE VOTE VOTE VOTE VOTE",2018-11-04 23:59:51
126,Mike Braun,"IndyStar Editorial Board: ‚ÄúFor Hoosiers who are generally happy with Trump's performance and who want a senator who will help drive the administration's agenda on Capitol Hill, Mike Braun is the ideal choice in this year's Senate race.‚Äù #INSen https://t.co/FQcaW4ilSb",2018-11-04 23:59:48
127,Mike Braun,"John James
Kevin Cramer
Matt Rosendale
Rick Scott
Martha McSally
Marsha Blackburn
Bob Hugin
Ron DeSantis
Ted Cruz
Karin Housley
Leah Vukmir
Josh Hawley
Dean Heller
Mike Braun
Patrick Morrisey
VOTE VOTE VOTE VOTE VOTE",2018-11-04 23:59:44
128,Mike Braun,"John James
Kevin Cramer
Matt Rosendale
Rick Scott
Martha McSally
Marsha Blackburn
Bob Hugin
Ron DeSantis
Ted Cruz
Karin Housley
Leah Vukmir
Josh Hawley
Dean Heller
Mike Braun
Patrick Morrisey
VOTE VOTE VOTE VOTE VOTE",2018-11-04 23:59:41
129,Mike Braun,"Missouri, vote for Josh Hawley!
Indiana, vote for Mike Braun!
New Jersey, vote for Bob Hugin!
Georgia, vote for Brian Kemp!
Florida, vote for Rick Scott and Ron DeSantis! 
New Hampshire, vote with Eddie Edwards! 
Michigan ,vote for John James! 
Arizona, vote for Martha McSally! https://t.co/XAjXtSySWX",2018-11-04 23:59:40
130,Joe Donnelly,"By campaigning with Obama, Mexico Joe Donnelly is proving his allegiance to the angry liberal mob.

Donnelly voted no on Kavanaugh, yes on the Iran deal, &amp; was even a superdelegate for Hillary Clinton.

He sent Hoosier jobs to Mexico. Now it‚Äôs time to send him packing! #INSen",2018-11-04 23:59:57
131,Joe Donnelly,"@BarackObama is a Joe fan. @JoeBiden, and Joe Donnelly @JoeforIndiana. #VoteJoe, he‚Äôs what #Hoosiers need. #WaveCast #WaveCastIN #FlipTheSenate üí• #Indiana https://t.co/7KZSNHGPKh",2018-11-04 23:59:51
132,Joe Donnelly,Rumor has it that Senator Joe Donnelly of Indiana is paying for Facebook ads for his so-called opponent on the libertarian ticket. Donnelly is trying to steal the election? Isn‚Äôt that what Russia did!?,2018-11-04 23:59:47
133,Joe Donnelly,"By campaigning with Obama, Mexico Joe Donnelly is proving his allegiance to the angry liberal mob.

Donnelly voted no on Kavanaugh, yes on the Iran deal, &amp; was even a superdelegate for Hillary Clinton.

He sent Hoosier jobs to Mexico. Now it‚Äôs time to send him packing! #INSen",2018-11-04 23:59:42
134,Joe Donnelly,Joe Donnelly Running Stealth Facebook Ads Boosting Libertarian In Senate Race https://t.co/k1ft69KS1i via @weaselzippers,2018-11-04 23:59:40
135,Joe Donnelly,"Joe Donnelly, D-candidate for Senate in Indiana said today he helped cast the vote to ""Save Healthcare.""

""And Mitch McConnell has told us he's going after Social Security and Medicare.""

And he even did it with a Straight Face.

Get rid of this LIAR Indiana. 
Vote Red Nov 6th.",2018-11-04 23:59:37
136,Joe Donnelly,"@BarackObama is a Joe fan. @JoeBiden, and Joe Donnelly @JoeforIndiana. #VoteJoe, he‚Äôs what #Hoosiers need. #WaveCast #WaveCastIN #FlipTheSenate üí• #Indiana https://t.co/7KZSNHGPKh",2018-11-04 23:59:14
137,Joe Donnelly,"By campaigning with Obama, Mexico Joe Donnelly is proving his allegiance to the angry liberal mob.

Donnelly voted no on Kavanaugh, yes on the Iran deal, &amp; was even a superdelegate for Hillary Clinton.

He sent Hoosier jobs to Mexico. Now it‚Äôs time to send him packing! #INSen",2018-11-04 23:59:10
138,Joe Donnelly,"By campaigning with Obama, Mexico Joe Donnelly is proving his allegiance to the angry liberal mob.

Donnelly voted no on Kavanaugh, yes on the Iran deal, &amp; was even a superdelegate for Hillary Clinton.

He sent Hoosier jobs to Mexico. Now it‚Äôs time to send him packing! #INSen",2018-11-04 23:58:59
139,Joe Donnelly,"By campaigning with Obama, Mexico Joe Donnelly is proving his allegiance to the angry liberal mob.

Donnelly voted no on Kavanaugh, yes on the Iran deal, &amp; was even a superdelegate for Hillary Clinton.

He sent Hoosier jobs to Mexico. Now it‚Äôs time to send him packing! #INSen",2018-11-04 23:58:51
140,Joe Manchin,"Manchin: ‚ÄòAnybody‚Äô Could Have Requested a ‚ÄòGovernor‚Äôs Helicopter‚Äô With Opioid Settlement Money. 

But it wasn‚Äôt anyone was it Joe? 

West Virginia you can do better. Vote ‚Å¶@MorriseyWV‚Å© #WVsen #wv #WestVirgina   https://t.co/7DQS6fIi5F",2018-11-04 23:59:55
141,Joe Manchin,"Manchin: ‚ÄòAnybody‚Äô Could Have Requested a ‚ÄòGovernor‚Äôs Helicopter‚Äô With Opioid Settlement Money. 

But it wasn‚Äôt anyone was it Joe? 

West Virginia you can do better. Vote ‚Å¶@MorriseyWV‚Å© #WVsen #wv #WestVirgina   https://t.co/7DQS6fIi5F",2018-11-04 23:58:11
142,Joe Manchin,"Manchin: ‚ÄòAnybody‚Äô Could Have Requested a ‚ÄòGovernor‚Äôs Helicopter‚Äô With Opioid Settlement Money. 

But it wasn‚Äôt anyone was it Joe? 

West Virginia you can do better. Vote ‚Å¶@MorriseyWV‚Å© #WVsen #wv #WestVirgina   https://t.co/7DQS6fIi5F",2018-11-04 23:58:05
143,Joe Manchin,"Mildly interesting red-state trend: Heidi Heitkamp and Claire McCaskill are losing steam down the stretch while Joe Manchin, Joe Donnelly, Phil Bredesen and Beto O‚ÄôRourke are either ahead or closing in. ü§î",2018-11-04 23:57:46
144,Joe Manchin,"Manchin: ‚ÄòAnybody‚Äô Could Have Requested a ‚ÄòGovernor‚Äôs Helicopter‚Äô With Opioid Settlement Money. 

But it wasn‚Äôt anyone was it Joe? 

West Virginia you can do better. Vote ‚Å¶@MorriseyWV‚Å© #WVsen #wv #WestVirgina   https://t.co/7DQS6fIi5F",2018-11-04 23:57:03
145,Joe Manchin,"Manchin: ‚ÄòAnybody‚Äô Could Have Requested a ‚ÄòGovernor‚Äôs Helicopter‚Äô With Opioid Settlement Money. 

But it wasn‚Äôt anyone was it Joe? 

West Virginia you can do better. Vote ‚Å¶@MorriseyWV‚Å© #WVsen #wv #WestVirgina   https://t.co/7DQS6fIi5F",2018-11-04 23:56:55
146,Joe Manchin,"Manchin: ‚ÄòAnybody‚Äô Could Have Requested a ‚ÄòGovernor‚Äôs Helicopter‚Äô With Opioid Settlement Money. 

But it wasn‚Äôt anyone was it Joe? 

West Virginia you can do better. Vote ‚Å¶@MorriseyWV‚Å© #WVsen #wv #WestVirgina   https://t.co/7DQS6fIi5F",2018-11-04 23:56:30
147,Joe Manchin,"Manchin: ‚ÄòAnybody‚Äô Could Have Requested a ‚ÄòGovernor‚Äôs Helicopter‚Äô With Opioid Settlement Money. 

But it wasn‚Äôt anyone was it Joe? 

West Virginia you can do better. Vote ‚Å¶@MorriseyWV‚Å© #WVsen #wv #WestVirgina   https://t.co/7DQS6fIi5F",2018-11-04 23:56:29
148,Joe Manchin,"Manchin: ‚ÄòAnybody‚Äô Could Have Requested a ‚ÄòGovernor‚Äôs Helicopter‚Äô With Opioid Settlement Money. 

But it wasn‚Äôt anyone was it Joe? 

West Virginia you can do better. Vote ‚Å¶@MorriseyWV‚Å© #WVsen #wv #WestVirgina   https://t.co/7DQS6fIi5F",2018-11-04 23:56:15
149,Joe Manchin,"millennials are all out here selling our ass on patreon for rent money because you old mofuckers destroyed the economy and then killed our one shot at escaping 19 times as much college debt as you ever had and everyone  is like ""why aren't they voting for Joe Manchin?""",2018-11-04 23:55:43
150,Patrick Morrisey,"John James
Kevin Cramer
Matt Rosendale
Rick Scott
Martha McSally
Marsha Blackburn
Bob Hugin
Ron DeSantis
Ted Cruz
Karin Housley
Leah Vukmir
Josh Hawley
Dean Heller
Mike Braun
Patrick Morrisey
VOTE VOTE VOTE VOTE VOTE",2018-11-04 23:59:57
151,Patrick Morrisey,"John James
Kevin Cramer
Matt Rosendale
Rick Scott
Martha McSally
Marsha Blackburn
Bob Hugin
Ron DeSantis
Ted Cruz
Karin Housley
Leah Vukmir
Josh Hawley
Dean Heller
Mike Braun
Patrick Morrisey
VOTE VOTE VOTE VOTE VOTE",2018-11-04 23:59:56
152,Patrick Morrisey,"John James
Kevin Cramer
Matt Rosendale
Rick Scott
Martha McSally
Marsha Blackburn
Bob Hugin
Ron DeSantis
Ted Cruz
Karin Housley
Leah Vukmir
Josh Hawley
Dean Heller
Mike Braun
Patrick Morrisey
VOTE VOTE VOTE VOTE VOTE",2018-11-04 23:59:53
153,Patrick Morrisey,"John James
Kevin Cramer
Matt Rosendale
Rick Scott
Martha McSally
Marsha Blackburn
Bob Hugin
Ron DeSantis
Ted Cruz
Karin Housley
Leah Vukmir
Josh Hawley
Dean Heller
Mike Braun
Patrick Morrisey
VOTE VOTE VOTE VOTE VOTE",2018-11-04 23:59:52
154,Patrick Morrisey,"John James
Kevin Cramer
Matt Rosendale
Rick Scott
Martha McSally
Marsha Blackburn
Bob Hugin
Ron DeSantis
Ted Cruz
Karin Housley
Leah Vukmir
Josh Hawley
Dean Heller
Mike Braun
Patrick Morrisey
VOTE VOTE VOTE VOTE VOTE",2018-11-04 23:59:51
155,Patrick Morrisey,"John James
Kevin Cramer
Matt Rosendale
Rick Scott
Martha McSally
Marsha Blackburn
Bob Hugin
Ron DeSantis
Ted Cruz
Karin Housley
Leah Vukmir
Josh Hawley
Dean Heller
Mike Braun
Patrick Morrisey
VOTE VOTE VOTE VOTE VOTE",2018-11-04 23:59:44
156,Patrick Morrisey,"John James
Kevin Cramer
Matt Rosendale
Rick Scott
Martha McSally
Marsha Blackburn
Bob Hugin
Ron DeSantis
Ted Cruz
Karin Housley
Leah Vukmir
Josh Hawley
Dean Heller
Mike Braun
Patrick Morrisey
VOTE VOTE VOTE VOTE VOTE",2018-11-04 23:59:41
157,Patrick Morrisey,"John James
Kevin Cramer
Matt Rosendale
Rick Scott
Martha McSally
Marsha Blackburn
Bob Hugin
Ron DeSantis
Ted Cruz
Karin Housley
Leah Vukmir
Josh Hawley
Dean Heller
Mike Braun
Patrick Morrisey
VOTE VOTE VOTE VOTE VOTE",2018-11-04 23:59:39
158,Patrick Morrisey,"John James
Kevin Cramer
Matt Rosendale
Rick Scott
Martha McSally
Marsha Blackburn
Bob Hugin
Ron DeSantis
Ted Cruz
Karin Housley
Leah Vukmir
Josh Hawley
Dean Heller
Mike Braun
Patrick Morrisey
VOTE VOTE VOTE VOTE VOTE",2018-11-04 23:59:37
159,Patrick Morrisey,"John James
Kevin Cramer
Matt Rosendale
Rick Scott
Martha McSally
Marsha Blackburn
Bob Hugin
Ron DeSantis
Ted Cruz
Karin Housley
Leah Vukmir
Josh Hawley
Dean Heller
Mike Braun
Patrick Morrisey
VOTE VOTE VOTE VOTE VOTE",2018-11-04 23:59:29
